instance,result,elapsedTime,totalSolveTime,totalTime
#seed = 0
airport1nDr1nDe1,0.095238,0.559547,1.326161,1.885708
airport1nDr0nDe1,0.190476,0.544665,1.508533,2.053198
airport0nDr0nDe3,1.142857,0.601799,2.242909,2.844708
airport0nDr0nDe1,0.285714,0.644147,2.533323,3.177470
airport5nDr1nDe0,0.000000,0.658915,2.485229,3.144144
airport1nDr0nDe3,0.857143,0.567346,2.834293,3.401639
airport5nDr0nDe2,0.380952,0.550654,2.884862,3.435516
airport4nDr0nDe1,0.190476,0.686268,2.797212,3.483480
airport5nDr0nDe3,0.857143,0.849789,3.031112,3.880901
airport1nDr0nDe2,0.476190,0.552415,3.959147,4.511562
airport3nDr1nDe0,0.000000,0.636663,3.891611,4.528274
airport2nDr1nDe0,0.000000,0.575658,4.204171,4.779829
airport0nDr1nDe0,0.000000,0.713306,4.332357,5.045663
airport5nDr1nDe1,0.190476,0.736590,4.194119,4.930709
airport4nDr0nDe2,0.666667,0.613832,4.847983,5.461815
airport5nDr0nDe1,0.571429,0.779217,4.567070,5.346287
airport3nDr0nDe1,0.666667,0.694628,4.978835,5.673463
airport2nDr0nDe1,0.333333,0.575690,5.117598,5.693288
airport4nDr1nDe0,0.000000,0.667353,5.062622,5.729975
airport4nDr0nDe3,0.809524,0.669329,5.028828,5.698157
airport4nDr1nDe1,0.333333,0.728301,5.033613,5.761914
airport1nDr1nDe0,0.000000,0.640894,5.273595,5.914489
airport3nDr1nDe1,0.190476,0.648732,5.318708,5.967440
airport2nDr0nDe2,0.761905,0.643990,5.352007,5.995997
airport0nDr0nDe2,0.380952,0.616621,5.664858,6.281479
airport3nDr0nDe2,0.619048,0.642299,5.656330,6.298629
airport3nDr0nDe3,1.428571,0.679279,5.671055,6.350334
airport2nDr1nDe1,0.333333,0.549144,5.951328,6.500472
airport0nDr1nDe1,0.190476,0.617314,6.073028,6.690342
grid3nDr1nDe0,0.000000,4.306451,2.652562,6.959013
airport2nDr0nDe3,0.476190,0.818803,6.678440,7.497243
grid3nDr0nDe1,0.230576,3.348622,5.497448,8.846070
grid0nDr1nDe0,0.000000,5.028101,3.906678,8.934779
grid2nDr1nDe0,0.000000,4.607699,4.342862,8.950561
grid3nDr1nDe1,0.516291,4.342466,5.020424,9.362890
grid4nDr1nDe0,0.000000,6.067081,4.523966,10.591047
grid5nDr1nDe1,2.684211,4.484618,7.213767,11.698385
metroplex2nDr1nDe0,0.000000,6.865455,5.035814,11.901269
grid4nDr0nDe1,1.087719,5.598555,6.832461,12.431016
metroplex1nDr1nDe0,0.000000,7.914285,5.467618,13.381903
metroplex0nDr0nDe1,0.666667,5.905675,7.515396,13.421071
grid2nDr1nDe1,0.285714,4.765451,8.900183,13.665634
metroplex0nDr1nDe0,0.000000,8.470691,5.824859,14.295550
grid4nDr0nDe2,0.476190,4.778377,9.695983,14.474360
grid4nDr1nDe1,0.468672,4.850777,10.044179,14.894956
grid0nDr0nDe1,0.761905,6.149119,9.316444,15.465563
metroplex3nDr1nDe0,-0.000000,7.896912,7.462701,15.359613
grid1nDr1nDe0,-0.000000,9.243953,6.792277,16.036230
grid2nDr0nDe1,0.714286,5.180127,10.654979,15.835106
grid5nDr0nDe1,0.666667,5.758275,10.282640,16.040915
grid0nDr1nDe1,0.849624,7.962707,8.317657,16.280364
metroplex2nDr1nDe1,1.095238,5.743685,10.839452,16.583137
grid0nDr0nDe2,0.666667,6.296002,10.580639,16.876641
metroplex5nDr1nDe0,0.000000,9.506298,7.071786,16.578084
metroplex4nDr1nDe0,0.000000,8.790750,7.930321,16.721071
grid3nDr0nDe2,3.095238,3.927586,13.900400,17.827986
metroplex1nDr0nDe1,2.889724,8.393515,9.552908,17.946423
grid5nDr1nDe0,0.000000,9.630618,8.460643,18.091261
grid4nDr0nDe3,1.619048,5.309039,13.493163,18.802202
grid2nDr0nDe2,0.889724,5.995234,13.020028,19.015262
grid1nDr0nDe1,1.000000,7.974955,11.136449,19.111404
metroplex0nDr1nDe1,2.095238,6.849198,12.310712,19.159910
metroplex5nDr0nDe1,1.684211,9.348268,9.821391,19.169659
metroplex1nDr1nDe1,0.523810,7.937412,11.518090,19.455502
grid1nDr0nDe2,1.461153,6.095563,13.797083,19.892646
metroplex3nDr1nDe1,0.523810,9.790412,9.896765,19.687177
grid1nDr1nDe1,0.714286,7.637032,12.476526,20.113558
metroplex5nDr0nDe2,1.761905,6.655812,13.195890,19.851702
metroplex4nDr1nDe1,1.230576,13.635473,6.530183,20.165656
metroplex5nDr1nDe1,3.330827,8.946640,11.703956,20.650596
metroplex2nDr0nDe1,1.047619,14.338739,6.894501,21.233240
grid0nDr0nDe3,2.182957,6.530374,15.216585,21.746959
metroplex3nDr0nDe1,1.619048,9.478952,12.188236,21.667188
metroplex0nDr0nDe2,2.754386,6.889297,15.079371,21.968668
grid2nDr0nDe3,1.095238,5.672591,17.013630,22.686221
grid3nDr0nDe3,3.992481,5.229824,17.690679,22.920503
metroplex3nDr0nDe3,4.040100,9.834986,13.164908,22.999894
metroplex4nDr0nDe1,1.619048,10.967539,12.054213,23.021752
metroplex2nDr0nDe2,2.142857,7.282163,15.794818,23.076981
metroplex4nDr0nDe3,2.731533,7.758448,15.348341,23.106789
grid5nDr0nDe3,2.706767,5.994386,18.015695,24.010081
metroplex1nDr0nDe2,2.032581,8.049036,15.970900,24.019936
grid5nDr0nDe2,1.809524,5.675167,19.110354,24.785521
metroplex5nDr0nDe3,3.889724,14.183845,12.239843,26.423688
metroplex0nDr0nDe3,8.263158,5.879402,20.803247,26.682649
metroplex3nDr0nDe2,5.571429,8.216979,18.440341,26.657320
grid1nDr0nDe3,2.095238,5.291388,22.383585,27.674973
metroplex2nDr0nDe3,8.398496,7.610790,19.837586,27.448376
metroplex1nDr0nDe3,4.230576,7.366572,20.497255,27.863827
metroplex4nDr0nDe2,13.340852,7.097283,21.537808,28.635091
#seed = 1
airport1nDr1nDe1,0.095238,0.683215,1.599304,2.282519
airport4nDr1nDe0,0.000000,0.656431,1.645883,2.302314
airport5nDr1nDe1,0.190476,0.548423,1.756017,2.304440
airport1nDr0nDe1,0.190476,0.521224,1.964991,2.486215
airport0nDr1nDe0,0.000000,0.549511,2.051911,2.601422
airport0nDr0nDe2,0.380952,0.560226,2.552927,3.113153
airport4nDr0nDe2,0.666667,1.015652,2.714525,3.730177
airport5nDr0nDe2,0.380952,0.549027,3.185417,3.734444
airport4nDr0nDe1,0.190476,0.686619,3.240543,3.927162
airport0nDr0nDe1,0.285714,0.645785,3.470631,4.116416
airport1nDr0nDe3,0.857143,0.593796,3.427085,4.020881
airport2nDr0nDe1,0.333333,0.546310,3.513226,4.059536
airport0nDr0nDe3,1.142857,0.752503,3.434534,4.187037
airport5nDr0nDe3,0.857143,0.831030,3.439428,4.270458
airport5nDr1nDe0,0.000000,0.739267,3.620161,4.359428
airport4nDr0nDe3,0.809524,0.684455,3.804004,4.488459
airport1nDr0nDe2,0.476190,0.585195,4.137981,4.723176
airport2nDr1nDe0,0.000000,0.594761,4.034283,4.629044
airport3nDr1nDe0,0.000000,0.927665,3.888164,4.815829
airport1nDr1nDe0,0.000000,0.512042,4.559917,5.071959
airport3nDr0nDe2,0.619048,0.590217,4.603976,5.194193
airport4nDr1nDe1,0.333333,0.866963,4.311133,5.178096
airport3nDr0nDe3,1.428571,0.826159,4.425360,5.251519
airport3nDr0nDe1,0.666667,0.825742,4.495617,5.321359
airport5nDr0nDe1,0.571429,0.668401,4.483865,5.152266
airport0nDr1nDe1,0.190476,0.678933,4.841859,5.520792
airport3nDr1nDe1,0.190476,0.858812,4.558513,5.417325
airport2nDr0nDe2,0.761905,0.587130,4.943174,5.530304
airport2nDr1nDe1,0.333333,0.797739,4.721329,5.519068
airport2nDr0nDe3,0.476190,0.799814,5.099545,5.899359
grid2nDr1nDe0,0.000000,5.413986,3.664495,9.078481
grid3nDr0nDe1,0.230576,5.572236,4.198898,9.771134
grid5nDr1nDe1,2.684211,4.285583,6.185068,10.470651
metroplex0nDr0nDe1,0.666667,5.637374,5.120061,10.757435
metroplex2nDr0nDe1,1.047619,5.695117,5.076955,10.772072
grid3nDr1nDe0,0.000000,6.202334,4.747529,10.949863
grid0nDr1nDe0,0.000000,6.191080,5.065605,11.256685
grid1nDr1nDe0,-0.000000,5.778567,5.909407,11.687974
grid5nDr1nDe0,0.000000,5.845405,6.147126,11.992531
grid2nDr1nDe1,0.285714,5.855777,6.593398,12.449175
metroplex0nDr1nDe0,0.000000,6.323584,6.044425,12.368009
grid4nDr0nDe1,1.087719,5.650008,6.953587,12.603595
grid4nDr1nDe0,0.000000,6.125181,6.613614,12.738795
grid3nDr1nDe1,0.516291,5.754937,7.126116,12.881053
grid5nDr0nDe1,0.666667,5.275339,8.113264,13.388603
grid0nDr1nDe1,0.849624,5.936081,7.755497,13.691578
grid4nDr0nDe2,0.476190,6.036723,8.217875,14.254598
grid0nDr0nDe2,0.666667,5.165188,9.589567,14.754755
metroplex2nDr1nDe0,0.000000,8.575448,5.931164,14.506612
grid0nDr0nDe1,0.761905,6.355224,8.611458,14.966682
metroplex4nDr1nDe0,0.000000,9.797184,4.776101,14.573285
metroplex0nDr1nDe1,2.095238,7.185333,7.625012,14.810345
grid1nDr0nDe1,1.000000,6.181608,9.313412,15.495020
grid2nDr0nDe1,0.714286,6.578549,9.148497,15.727046
grid4nDr1nDe1,0.468672,6.363279,9.040895,15.404174
grid4nDr0nDe3,1.619048,5.316886,10.703424,16.020310
metroplex1nDr1nDe0,0.000000,8.150603,7.796599,15.947202
metroplex5nDr1nDe0,0.000000,7.483602,8.543591,16.027193
metroplex3nDr1nDe0,-0.000000,8.015127,9.796607,17.811734
grid3nDr0nDe3,3.992481,5.242527,13.017471,18.259998
grid2nDr0nDe2,0.889724,6.337503,12.103583,18.441086
grid3nDr0nDe2,3.095238,5.763339,12.711632,18.474971
metroplex2nDr1nDe1,1.095238,7.586308,10.712080,18.298388
metroplex0nDr0nDe2,2.754386,6.801879,11.722314,18.524193
metroplex5nDr0nDe1,1.684211,8.624927,10.470136,19.095063
metroplex5nDr1nDe1,3.330827,8.307092,11.147307,19.454399
metroplex1nDr0nDe1,2.889724,10.131590,9.523652,19.655242
grid1nDr1nDe1,0.714286,6.868963,13.427468,20.296431
metroplex1nDr1nDe1,0.523810,8.822860,11.304881,20.127741
metroplex4nDr1nDe1,1.230576,14.142783,6.389451,20.532234
metroplex3nDr0nDe1,1.619048,9.268204,11.515733,20.783937
metroplex3nDr1nDe1,0.523810,10.841525,10.106403,20.947928
metroplex5nDr0nDe2,1.761905,8.301597,12.724341,21.025938
grid1nDr0nDe2,1.461153,7.093729,14.158079,21.251808
metroplex4nDr0nDe1,1.619048,10.938390,10.412315,21.350705
grid0nDr0nDe3,2.182957,6.183251,15.821210,22.004461
grid5nDr0nDe2,1.809524,6.312815,15.631271,21.944086
grid2nDr0nDe3,1.095238,6.408703,16.652222,23.060925
metroplex2nDr0nDe2,2.142857,7.659092,15.269604,22.928696
metroplex4nDr0nDe3,2.731533,10.238703,12.968347,23.207050
metroplex1nDr0nDe2,2.032581,8.813598,14.856574,23.670172
metroplex3nDr0nDe3,4.040100,11.117309,13.283688,24.400997
grid5nDr0nDe3,2.706767,7.027718,17.578830,24.606548
metroplex3nDr0nDe2,5.571429,9.136898,15.915907,25.052805
metroplex5nDr0nDe3,3.889724,10.989915,14.492775,25.482690
metroplex0nDr0nDe3,8.263158,6.751452,20.353670,27.105122
metroplex1nDr0nDe3,4.230576,8.380944,18.993797,27.374741
grid1nDr0nDe3,2.095238,6.354530,22.352101,28.706631
metroplex2nDr0nDe3,8.398496,11.234163,18.250198,29.484361
metroplex4nDr0nDe2,13.340852,11.175833,19.967899,31.143732
airport0nDr1nDe0,0.000000,0.548451,0.920461,1.468912
airport4nDr0nDe1,0.190476,0.590884,1.457303,2.048187
airport5nDr0nDe3,0.857143,0.811556,1.188530,2.000086
airport4nDr0nDe2,0.666667,0.612437,2.011310,2.623747
airport0nDr0nDe2,0.380952,0.712541,2.695322,3.407863
airport5nDr0nDe2,0.380952,0.543203,2.602107,3.145310
airport1nDr1nDe1,0.095238,0.721922,3.088426,3.810348
airport2nDr1nDe0,0.000000,0.551339,3.314506,3.865845
airport3nDr0nDe1,0.666667,0.581988,3.313048,3.895036
airport0nDr0nDe3,1.142857,0.616047,3.504624,4.120671
airport0nDr1nDe1,0.190476,0.625404,3.607155,4.232559
airport1nDr0nDe1,0.190476,0.559403,3.934439,4.493842
airport3nDr1nDe1,0.190476,0.582212,3.763021,4.345233
airport1nDr0nDe3,0.857143,0.828138,3.909996,4.738134
airport5nDr0nDe1,0.571429,0.784833,3.831007,4.615840
airport0nDr0nDe1,0.285714,0.618159,4.318724,4.936883
airport3nDr0nDe2,0.619048,0.688633,4.128595,4.817228
airport4nDr1nDe0,0.000000,0.845818,3.930162,4.775980
airport4nDr0nDe3,0.809524,0.631509,4.089511,4.721020
airport5nDr1nDe1,0.190476,0.909075,4.025027,4.934102
airport3nDr1nDe0,0.000000,0.835589,4.274093,5.109682
airport5nDr1nDe0,0.000000,0.719692,4.293847,5.013539
airport2nDr0nDe2,0.761905,0.610581,4.563192,5.173773
airport4nDr1nDe1,0.333333,0.615143,4.317250,4.932393
airport1nDr1nDe0,0.000000,0.684532,4.649477,5.334009
airport2nDr1nDe1,0.333333,0.762712,4.411943,5.174655
airport1nDr0nDe2,0.476190,0.643054,4.760730,5.403784
airport2nDr0nDe1,0.333333,0.727393,4.567273,5.294666
airport3nDr0nDe3,1.428571,0.826792,5.069411,5.896203
airport2nDr0nDe3,0.476190,0.835649,5.414090,6.249739
grid0nDr1nDe0,0.000000,5.300409,1.812931,7.113340
grid3nDr1nDe0,0.000000,5.593910,1.407534,7.001444
grid1nDr0nDe1,1.000000,4.911105,4.605816,9.516921
grid2nDr1nDe0,0.000000,5.829323,4.857154,10.686477
grid0nDr0nDe1,0.761905,5.611044,5.577912,11.188956
grid3nDr0nDe1,0.230576,5.454748,5.749156,11.203904
grid4nDr1nDe0,0.000000,6.426413,4.855341,11.281754
grid5nDr1nDe0,0.000000,5.957084,5.364387,11.321471
grid3nDr1nDe1,0.516291,5.516237,6.358596,11.874833
grid5nDr1nDe1,2.684211,5.526955,6.857985,12.384940
grid4nDr0nDe1,1.087719,5.547979,7.022817,12.570796
grid0nDr1nDe1,0.849624,6.329702,6.787988,13.117690
grid2nDr1nDe1,0.285714,6.657308,7.496221,14.153529
metroplex0nDr0nDe1,0.666667,6.182043,8.108241,14.290284
metroplex5nDr1nDe0,0.000000,8.963804,5.354956,14.318760
metroplex2nDr1nDe0,0.000000,7.205298,7.443566,14.648864
metroplex0nDr1nDe0,0.000000,7.532958,7.717418,15.250376
metroplex1nDr1nDe0,0.000000,8.706334,6.523699,15.230033
metroplex3nDr1nDe0,-0.000000,8.802636,6.590842,15.393478
grid4nDr1nDe1,0.468672,6.430543,9.205450,15.635993
grid1nDr1nDe0,-0.000000,6.807463,9.109804,15.917267
grid4nDr0nDe2,0.476190,6.669393,9.163545,15.832938
grid2nDr0nDe1,0.714286,6.609643,9.354032,15.963675
metroplex5nDr0nDe1,1.684211,7.895061,8.771391,16.666452
metroplex2nDr0nDe1,1.047619,6.443601,10.493124,16.936725
grid5nDr0nDe1,0.666667,6.629608,10.717844,17.347452
grid0nDr0nDe2,0.666667,5.488462,12.092906,17.581368
metroplex4nDr1nDe0,0.000000,9.505160,8.689163,18.194323
grid2nDr0nDe2,0.889724,6.535534,12.045875,18.581409
metroplex0nDr1nDe1,2.095238,7.542646,10.986284,18.528930
grid1nDr1nDe1,0.714286,7.587855,11.340956,18.928811
metroplex5nDr1nDe1,3.330827,8.937341,9.752751,18.690092
metroplex4nDr1nDe1,1.230576,6.973160,11.818857,18.792017
metroplex1nDr0nDe1,2.889724,9.104602,9.858734,18.963336
metroplex1nDr1nDe1,0.523810,8.062149,11.262312,19.324461
metroplex3nDr1nDe1,0.523810,10.192786,9.255890,19.448676
grid2nDr0nDe3,1.095238,5.876342,13.927951,19.804293
grid1nDr0nDe2,1.461153,5.855030,14.281806,20.136836
grid4nDr0nDe3,1.619048,6.904840,13.035793,19.940633
grid3nDr0nDe3,3.992481,5.299018,15.147118,20.446136
metroplex2nDr1nDe1,1.095238,8.775212,12.176378,20.951590
metroplex2nDr0nDe2,2.142857,8.547487,12.508668,21.056155
grid3nDr0nDe2,3.095238,6.158954,15.122965,21.281919
grid0nDr0nDe3,2.182957,6.796725,14.780162,21.576887
metroplex0nDr0nDe2,2.754386,9.002257,12.359279,21.361536
metroplex4nDr0nDe1,1.619048,8.428015,13.445149,21.873164
metroplex3nDr0nDe1,1.619048,7.693930,14.271435,21.965365
metroplex5nDr0nDe2,1.761905,9.757976,12.427747,22.185723
metroplex1nDr0nDe2,2.032581,7.195350,15.151439,22.346789
metroplex3nDr0nDe3,4.040100,9.057490,13.701613,22.759103
grid5nDr0nDe2,1.809524,6.586807,16.983005,23.569812
grid5nDr0nDe3,2.706767,6.334687,18.260793,24.595480
metroplex5nDr0nDe3,3.889724,9.059844,15.616534,24.676378
metroplex4nDr0nDe3,2.731533,9.879545,15.206990,25.086535
metroplex3nDr0nDe2,5.571429,9.011221,17.699035,26.710256
metroplex0nDr0nDe3,8.263158,5.815971,21.659619,27.475590
metroplex2nDr0nDe3,8.398496,8.533515,19.067649,27.601164
metroplex1nDr0nDe3,4.230576,8.394582,19.373941,27.768523
grid1nDr0nDe3,2.095238,6.720188,22.377343,29.097531
metroplex4nDr0nDe2,13.340852,12.214501,18.027742,30.242243

#changed constrains, seed = 0

airport0nDr0nDe2,0.380952,0.458911,1.176127,1.635038
airport0nDr1nDe0,0.000000,0.430770,2.350041,2.780811
airport1nDr1nDe1,0.095238,0.425804,2.460946,2.886750
airport5nDr0nDe3,0.857143,0.559331,2.704047,3.263378
airport1nDr0nDe1,0.190476,0.437400,3.167732,3.605132
airport3nDr1nDe1,0.190476,0.458666,3.038765,3.497431
airport1nDr1nDe0,0.000000,0.457114,3.126355,3.583469
airport1nDr0nDe3,0.857143,0.464790,3.174189,3.638979
airport1nDr0nDe2,0.476190,0.444360,3.778256,4.222616
airport4nDr1nDe1,0.333333,0.528583,3.524908,4.053491
airport5nDr1nDe1,0.190476,0.572985,3.410196,3.983181
airport0nDr0nDe3,1.142857,0.507538,3.843297,4.350835
airport2nDr0nDe1,0.333333,0.499094,3.933069,4.432163
airport3nDr0nDe2,0.619048,0.504852,3.790950,4.295802
airport3nDr1nDe0,0.000000,0.515057,3.961958,4.477015
airport2nDr0nDe2,0.761905,0.460125,4.144445,4.604570
airport3nDr0nDe1,0.666667,0.520877,4.128299,4.649176
airport2nDr1nDe1,0.333333,0.416103,4.410409,4.826512
airport0nDr0nDe1,0.285714,0.433380,4.570992,5.004372
airport4nDr0nDe1,0.190476,0.563721,4.265107,4.828828
airport5nDr0nDe2,0.380952,0.565181,4.221359,4.786540
airport4nDr0nDe3,0.809524,0.518807,4.446048,4.964855
airport0nDr1nDe1,0.190476,0.446032,4.754488,5.200520
airport4nDr1nDe0,0.000000,0.685515,4.353119,5.038634
airport5nDr1nDe0,0.000000,0.664237,4.150225,4.814462
airport3nDr0nDe3,1.428571,0.480320,4.946482,5.426802
airport2nDr1nDe0,0.000000,0.478915,4.983835,5.462750
airport5nDr0nDe1,0.571429,0.500930,5.034729,5.535659
airport4nDr0nDe2,0.666667,0.588409,4.970708,5.559117
airport2nDr0nDe3,0.476190,0.454080,5.424968,5.879048
grid4nDr1nDe0,0.000000,3.268129,3.249076,6.517205
metroplex0nDr1nDe0,0.000000,5.150338,1.516402,6.666740
grid0nDr1nDe0,0.000000,5.604553,2.156095,7.760648
grid0nDr0nDe1,0.761905,4.191736,4.938077,9.129813
grid2nDr1nDe0,0.000000,5.532986,3.578414,9.111400
grid3nDr1nDe1,0.516291,3.901406,6.013528,9.914934
grid0nDr1nDe1,0.849624,5.425771,4.682322,10.108093
grid4nDr1nDe1,0.468672,4.816842,5.326560,10.143402
grid5nDr1nDe0,0.000000,6.104005,4.898012,11.002017
grid3nDr1nDe0,0.000000,5.580306,5.246600,10.826906
metroplex2nDr1nDe0,0.000000,5.912930,4.936913,10.849843
metroplex4nDr1nDe0,0.000000,6.348956,5.081069,11.430025
grid3nDr0nDe1,0.230576,5.465833,6.770591,12.236424
grid0nDr0nDe2,0.666667,4.909069,8.480135,13.389204
metroplex5nDr1nDe0,0.000000,7.120085,6.484993,13.605078
grid1nDr1nDe1,0.714286,4.496018,9.819661,14.315679
metroplex1nDr1nDe0,0.000000,7.238386,7.144456,14.382842
grid2nDr0nDe1,0.714286,5.238303,9.422452,14.660755
grid1nDr1nDe0,0.000000,6.236158,8.575926,14.812084
grid4nDr0nDe1,1.087719,5.997342,8.751881,14.749223
grid1nDr0nDe1,1.000000,6.340901,9.523591,15.864492
metroplex0nDr0nDe1,0.666667,6.712411,8.914523,15.626934
grid2nDr1nDe1,0.285714,5.825644,9.999200,15.824844
metroplex2nDr0nDe1,1.047619,6.305212,9.653989,15.959201
grid2nDr0nDe2,0.889724,6.463781,9.837918,16.301699
grid5nDr1nDe1,2.684211,6.253740,9.885445,16.139185
grid4nDr0nDe2,0.476190,6.155476,10.239315,16.394791
metroplex4nDr1nDe1,1.230576,7.465613,8.817480,16.283093
grid0nDr0nDe3,2.182957,5.215171,11.810506,17.025677
metroplex4nDr0nDe1,1.619048,9.167329,7.623266,16.790595
grid5nDr0nDe1,0.666667,5.434390,11.559288,16.993678
grid3nDr0nDe2,3.095238,5.121118,12.263879,17.384997
metroplex3nDr1nDe0,0.000000,10.767718,6.744860,17.512578
metroplex0nDr0nDe2,2.754386,6.734645,11.100131,17.834776
metroplex0nDr1nDe1,2.095238,8.220952,10.083501,18.304453
grid2nDr0nDe3,1.095238,4.741620,13.886818,18.628438
metroplex2nDr1nDe1,1.095238,6.940217,11.506419,18.446636
grid1nDr0nDe2,1.461153,6.139093,12.792006,18.931099
metroplex5nDr0nDe1,1.684211,6.982062,11.636046,18.618108
metroplex3nDr1nDe1,0.523810,9.853384,8.941204,18.794588
metroplex2nDr0nDe2,2.142857,8.146595,11.087844,19.234439
metroplex3nDr0nDe2,5.571429,6.296487,13.052123,19.348610
grid4nDr0nDe3,1.619048,5.247824,14.388860,19.636684
grid5nDr0nDe2,1.809524,5.406465,14.322059,19.728524
metroplex1nDr0nDe1,2.889724,10.378135,9.940654,20.318789
metroplex5nDr0nDe2,1.761905,7.796304,12.537541,20.333845
grid5nDr0nDe3,2.706767,5.754040,15.236561,20.990601
metroplex1nDr1nDe1,0.523810,9.193423,11.774848,20.968271
metroplex3nDr0nDe1,1.619048,10.736789,10.459786,21.196575
metroplex1nDr0nDe2,2.032581,7.161396,14.101470,21.262866
metroplex5nDr1nDe1,3.330827,8.020561,13.458921,21.479482
grid3nDr0nDe3,3.992481,5.004558,18.425151,23.429709
metroplex0nDr0nDe3,8.263158,6.601653,17.059025,23.660678
metroplex3nDr0nDe3,4.040100,7.454972,16.283549,23.738521
metroplex4nDr0nDe3,2.731533,8.556677,15.873626,24.430303
grid1nDr0nDe3,2.095238,5.603817,19.239228,24.843045
metroplex5nDr0nDe3,3.889724,8.143639,18.510653,26.654292
metroplex2nDr0nDe3,8.398496,6.869596,20.351330,27.220926
metroplex1nDr0nDe3,4.230576,10.029354,17.407170,27.436524
metroplex4nDr0nDe2,11.528822,7.389283,23.168419,30.557702

# reduced number of flghts, only A
airport1nDr1nDe0,0.000000,0.023046,0.031214,0.054260
airport0nDr1nDe0,0.000000,0.080572,0.123167,0.203739
airport0nDr0nDe1,0.285714,0.093401,0.166388,0.259789
airport1nDr0nDe1,0.190476,0.109039,0.192600,0.301639
airport3nDr1nDe0,0.000000,0.067228,0.090262,0.157490
airport2nDr0nDe3,0.476190,0.085476,0.321897,0.407373
airport3nDr0nDe1,0.666667,0.130775,0.251141,0.381916
grid3nDr1nDe0,0.000000,0.008567,0.038118,0.046685
airport3nDr1nDe1,0.190476,0.117476,0.446304,0.563780
airport0nDr1nDe1,0.190476,0.200679,0.523946,0.724625
airport5nDr1nDe0,0.000000,0.114473,0.354002,0.468475
airport1nDr1nDe1,0.095238,0.236082,0.550084,0.786166
airport2nDr1nDe0,0.000000,0.211343,0.509665,0.721008
airport5nDr0nDe1,0.571429,0.164720,0.505995,0.670715
metroplex2nDr1nDe0,0.000000,0.441374,0.118554,0.559928
grid3nDr1nDe1,0.516291,0.347059,0.690241,1.037300
airport2nDr1nDe1,0.333333,0.320673,1.135527,1.456200
airport1nDr0nDe2,0.476190,0.348242,1.298379,1.646621
grid3nDr0nDe1,0.230576,0.416196,1.172528,1.588724
airport5nDr0nDe2,0.380952,0.400421,1.467070,1.867491
airport2nDr0nDe1,0.333333,0.491867,1.620175,2.112042
airport4nDr1nDe0,0.000000,0.546428,1.404217,1.950645
grid2nDr1nDe0,0.000000,0.932195,0.930201,1.862396
airport5nDr0nDe3,0.857143,0.653432,1.413197,2.066629
airport5nDr1nDe1,0.190476,0.433711,1.902016,2.335727
airport4nDr0nDe1,0.190476,0.745679,1.758094,2.503773
metroplex1nDr1nDe0,0.000000,0.837706,1.060413,1.898119
airport4nDr0nDe2,0.666667,0.732456,1.845861,2.578317
airport0nDr0nDe2,0.380952,0.509918,2.439727,2.949645
airport1nDr0nDe3,0.857143,0.745365,2.049646,2.795011
airport2nDr0nDe2,0.761905,0.367249,2.494948,2.862197
metroplex3nDr1nDe0,0.000000,1.857260,0.463603,2.320863
airport0nDr0nDe3,1.142857,0.737240,2.566852,3.304092
airport3nDr0nDe2,0.619048,0.684010,2.603238,3.287248
metroplex3nDr1nDe1,0.523810,0.687488,2.083299,2.770787
airport4nDr0nDe3,0.809524,0.786127,3.068218,3.854345
grid1nDr1nDe0,0.000000,1.330814,2.472438,3.803252
airport4nDr1nDe1,0.333333,0.712413,3.487189,4.199602
metroplex2nDr0nDe1,1.047619,1.473368,2.384898,3.858266
metroplex0nDr1nDe1,2.095238,1.035825,3.145560,4.181385
metroplex5nDr1nDe0,0.000000,2.471862,1.767339,4.239201
grid5nDr1nDe0,0.000000,2.680349,1.834943,4.515292
grid2nDr0nDe1,0.714286,1.454008,3.670402,5.124410
grid2nDr1nDe1,0.285714,2.351660,3.345449,5.697109
airport3nDr0nDe3,1.428571,0.888843,5.162692,6.051535
grid0nDr1nDe1,0.849624,2.870016,3.138838,6.008854
grid0nDr1nDe0,0.000000,4.451349,1.635980,6.087329
grid4nDr1nDe0,0.000000,2.653307,3.290220,5.943527
metroplex0nDr1nDe0,0.000000,3.539322,2.833289,6.372611
grid5nDr0nDe1,0.666667,2.015261,4.600818,6.616079
grid5nDr1nDe1,2.684211,2.487597,4.901464,7.389061
metroplex5nDr0nDe1,1.684211,3.026839,4.355482,7.382321
metroplex3nDr0nDe1,1.619048,2.740033,4.816243,7.556276
grid3nDr0nDe2,3.095238,2.279539,5.462043,7.741582
metroplex2nDr0nDe2,2.142857,1.278223,6.352150,7.630373
metroplex1nDr0nDe1,2.889724,2.850650,4.862495,7.713145
grid2nDr0nDe2,0.889724,2.885141,5.367306,8.252447
grid1nDr0nDe1,1.000000,3.770732,4.537267,8.307999
grid1nDr1nDe1,0.714286,2.966803,5.441724,8.408527
metroplex2nDr1nDe1,1.095238,2.844002,5.239921,8.083923
grid0nDr0nDe1,0.761905,2.666038,5.850329,8.516367
grid5nDr0nDe2,1.809524,1.693159,6.517991,8.211150
metroplex0nDr0nDe1,0.666667,4.650941,3.489684,8.140625
metroplex5nDr1nDe1,3.330827,4.160186,4.415006,8.575192
metroplex1nDr1nDe1,0.523810,2.847806,5.811502,8.659308
grid3nDr0nDe3,3.992481,2.066503,7.374861,9.441364
grid4nDr0nDe1,1.087719,4.719784,4.622174,9.341958
metroplex3nDr0nDe3,4.040100,1.788705,7.617558,9.406263
grid4nDr1nDe1,0.468672,4.557528,4.819963,9.377491
grid0nDr0nDe2,0.666667,3.917181,6.159435,10.076616
grid1nDr0nDe2,1.461153,3.787149,6.371840,10.158989
grid2nDr0nDe3,1.095238,2.699242,7.749137,10.448379
metroplex0nDr0nDe2,2.754386,3.745641,6.853090,10.598731
metroplex4nDr1nDe0,0.000000,8.935039,1.626074,10.561113
metroplex5nDr0nDe2,1.761905,6.330510,4.445724,10.776234
grid0nDr0nDe3,2.182957,6.143932,5.425445,11.569377
metroplex4nDr1nDe1,1.230576,8.494694,2.904561,11.399255
metroplex1nDr0nDe2,2.032581,4.351888,7.094947,11.446835
metroplex3nDr0nDe2,5.571429,5.139918,6.373245,11.513163
grid4nDr0nDe3,1.619048,6.723949,5.532742,12.256691
grid4nDr0nDe2,0.476190,7.954614,4.648534,12.603148
grid1nDr0nDe3,2.095238,2.872816,10.238219,13.111035
metroplex2nDr0nDe3,8.398496,3.032914,10.357202,13.390116
metroplex4nDr0nDe1,1.619048,8.977155,4.833313,13.810468
grid5nDr0nDe3,2.706767,7.772131,6.893506,14.665637
metroplex5nDr0nDe3,3.889724,9.761158,6.654801,16.415959
metroplex1nDr0nDe3,4.230576,1.593389,15.062845,16.656234
metroplex4nDr0nDe3,2.731533,9.161650,11.467409,20.629059
metroplex4nDr0nDe2,13.340852,9.992005,12.270678,22.262683
metroplex0nDr0nDe3,8.263158,9.265925,14.499319,23.765244

#changed constrains, drift in fixed and start from tini, seed = 0

airport1nDr1nDe0,0.000000,0.022041,0.028250,0.050291
airport0nDr1nDe0,0.000000,0.077792,0.095288,0.173080
airport0nDr0nDe1,0.285714,0.088938,0.161143,0.250081
airport3nDr1nDe0,0.000000,0.062077,0.071971,0.134048
airport1nDr0nDe1,0.190476,0.106492,0.168538,0.275030
airport3nDr1nDe1,0.190476,0.090768,0.192496,0.283264
grid3nDr1nDe0,0.000000,0.012378,0.009049,0.021427
airport2nDr0nDe3,0.476190,0.087696,0.301538,0.389234
airport3nDr0nDe1,0.666667,0.117712,0.294938,0.412650
airport5nDr1nDe0,0.000000,0.160921,0.154800,0.315721
airport0nDr1nDe1,0.190476,0.184136,0.396175,0.580311
airport2nDr1nDe0,0.000000,0.201376,0.353102,0.554478
airport1nDr1nDe1,0.095238,0.219342,0.426323,0.645665
airport5nDr0nDe1,0.571429,0.174216,0.419523,0.593739
metroplex2nDr1nDe0,0.000000,0.314172,0.141618,0.455790
grid3nDr0nDe1,0.230576,0.311743,0.434191,0.745934
grid3nDr1nDe1,0.516291,0.330982,0.820624,1.151606
airport2nDr1nDe1,0.333333,0.285442,1.182238,1.467680
airport5nDr1nDe1,0.190476,0.338854,1.163047,1.501901
airport1nDr0nDe2,0.476190,0.322011,1.651658,1.973669
airport4nDr1nDe0,0.000000,0.503454,1.272243,1.775697
airport0nDr0nDe2,0.380952,0.508055,1.671104,2.179159
grid2nDr1nDe0,0.000000,0.909731,0.825127,1.734858
metroplex1nDr1nDe0,0.000000,0.685274,1.044227,1.729501
airport5nDr0nDe2,0.380952,0.361135,1.624117,1.985252
airport1nDr0nDe3,0.857143,0.657036,1.540945,2.197981
airport2nDr0nDe2,0.761905,0.354508,2.007886,2.362394
grid1nDr1nDe0,0.000000,1.053490,1.282168,2.335658
airport4nDr0nDe1,0.190476,0.711890,2.278027,2.989917
airport2nDr0nDe1,0.333333,0.408735,2.623815,3.032550
airport5nDr0nDe3,0.857143,0.620105,2.375553,2.995658
metroplex3nDr1nDe1,0.523810,0.480374,2.237806,2.718180
airport3nDr0nDe2,0.619048,0.392965,2.978830,3.371795
metroplex3nDr1nDe0,0.000000,1.897452,0.926531,2.823983
airport0nDr0nDe3,1.142857,0.609679,2.994137,3.603816
airport4nDr0nDe2,0.666667,0.835716,2.732999,3.568715
airport4nDr0nDe3,0.809524,1.194053,2.715674,3.909727
airport4nDr1nDe1,0.333333,0.581168,3.521043,4.102211
metroplex5nDr1nDe0,0.000000,2.434566,1.266462,3.701028
metroplex2nDr0nDe1,1.047619,1.463146,2.968873,4.432019
metroplex1nDr0nDe1,2.889724,1.710375,2.864348,4.574723
grid4nDr1nDe0,0.000000,2.034593,2.751919,4.786512
grid0nDr1nDe1,0.849624,1.822472,3.461176,5.283648
grid5nDr1nDe1,2.684211,1.879902,3.092144,4.972046
metroplex0nDr1nDe0,0.000000,3.694221,1.697755,5.391976
grid2nDr0nDe1,0.714286,1.705367,4.013162,5.718529
grid5nDr1nDe0,0.000000,2.344084,3.054303,5.398387
metroplex0nDr1nDe1,2.095238,0.699213,4.908243,5.607456
airport3nDr0nDe3,1.428571,0.832707,6.026409,6.859116
grid0nDr1nDe0,0.000000,2.512999,4.295418,6.808417
grid2nDr1nDe1,0.285714,2.723930,4.068833,6.792763
grid1nDr0nDe1,1.000000,2.362592,4.903732,7.266324
metroplex5nDr1nDe1,3.330827,1.915798,5.138630,7.054428
metroplex2nDr1nDe1,1.095238,1.929158,5.213658,7.142816
grid5nDr0nDe1,0.666667,2.844008,4.545937,7.389945
metroplex1nDr1nDe1,0.523810,3.140147,5.136472,8.276619
grid1nDr1nDe1,0.714286,2.959995,5.616945,8.576940
grid4nDr0nDe1,1.087719,3.978415,4.606598,8.585013
grid0nDr0nDe1,0.761905,3.068447,5.856434,8.924881
metroplex3nDr0nDe1,1.619048,3.373900,5.307512,8.681412
metroplex0nDr0nDe1,0.666667,2.716501,6.118809,8.835310
metroplex5nDr0nDe1,1.684211,2.531884,6.392129,8.924013
metroplex3nDr0nDe3,4.040100,1.038122,7.986004,9.024126
metroplex2nDr0nDe2,2.142857,1.366578,7.725311,9.091889
grid3nDr0nDe2,3.095238,2.326406,7.125960,9.452366
grid2nDr0nDe2,0.889724,5.377821,4.452244,9.830065
metroplex4nDr1nDe0,0.000000,6.922723,2.759667,9.682390
grid0nDr0nDe2,0.666667,3.769744,6.898468,10.668212
grid1nDr0nDe2,1.461153,3.939366,6.887958,10.827324
metroplex0nDr0nDe2,2.754386,3.075585,7.944520,11.020105
metroplex4nDr1nDe1,1.230576,6.656702,4.367000,11.023702
grid2nDr0nDe3,1.095238,6.076115,5.223037,11.299152
metroplex5nDr0nDe2,1.761905,6.110947,5.368210,11.479157
grid5nDr0nDe2,1.809524,1.744154,9.924720,11.668874
grid3nDr0nDe3,3.992481,1.991569,10.004925,11.996494
metroplex1nDr0nDe2,2.032581,3.807244,8.569426,12.376670
metroplex3nDr0nDe2,4.832080,3.552967,8.943710,12.496677
grid4nDr1nDe1,0.468672,8.063877,4.967186,13.031063
grid4nDr0nDe2,0.476190,7.361012,5.814698,13.175710
grid4nDr0nDe3,1.619048,4.606150,8.886373,13.492523
grid0nDr0nDe3,2.182957,4.915509,9.072392,13.987901
metroplex4nDr0nDe1,1.619048,8.561710,5.414979,13.976689
metroplex1nDr0nDe3,4.230576,1.317966,12.787066,14.105032
metroplex2nDr0nDe3,8.398496,3.141018,11.587098,14.728116
grid1nDr0nDe3,2.095238,2.275808,13.034923,15.310731
grid5nDr0nDe3,2.706767,7.887491,8.342896,16.230387
metroplex5nDr0nDe3,3.889724,9.046846,7.876597,16.923443
metroplex4nDr0nDe3,2.731533,6.516076,12.178221,18.694297
metroplex0nDr0nDe3,8.263158,6.870489,13.735467,20.605956
metroplex4nDr0nDe2,9.170426,10.018744,17.050911,27.069655
#seed = 1
airport0nDr1nDe0,0.000000,0.077840,0.109525,0.187365
airport1nDr1nDe0,0.000000,0.025266,0.035377,0.060643
airport0nDr0nDe1,0.285714,0.087871,0.153606,0.241477
airport1nDr0nDe1,0.190476,0.101688,0.175364,0.277052
airport3nDr1nDe0,0.000000,0.062516,0.075040,0.137556
grid3nDr1nDe0,0.000000,0.008292,0.012916,0.021208
airport0nDr1nDe1,0.190476,0.182175,0.318755,0.500930
airport3nDr0nDe1,0.666667,0.135308,0.237848,0.373156
airport3nDr1nDe1,0.190476,0.126909,0.246262,0.373171
airport2nDr0nDe3,0.476190,0.080437,0.397119,0.477556
airport5nDr1nDe0,0.000000,0.113883,0.259706,0.373589
airport2nDr1nDe0,0.000000,0.218955,0.383922,0.602877
airport1nDr1nDe1,0.095238,0.249031,0.535049,0.784080
airport5nDr0nDe1,0.571429,0.178927,0.477728,0.656655
metroplex2nDr1nDe0,0.000000,0.387187,0.200548,0.587735
airport1nDr0nDe2,0.476190,0.305929,1.023878,1.329807
airport2nDr1nDe1,0.333333,0.289409,0.930601,1.220010
airport5nDr0nDe2,0.380952,0.311041,1.119260,1.430301
airport5nDr1nDe1,0.190476,0.330290,1.340472,1.670762
grid3nDr0nDe1,0.230576,0.368255,1.261473,1.629728
grid2nDr1nDe0,0.000000,0.813893,0.901079,1.714972
airport2nDr0nDe2,0.761905,0.348237,1.913591,2.261828
airport5nDr0nDe3,0.857143,0.662934,1.421666,2.084600
airport4nDr1nDe0,0.000000,0.421282,1.765647,2.186929
airport0nDr0nDe2,0.380952,0.485538,2.060725,2.546263
airport3nDr0nDe2,0.619048,0.418208,1.902338,2.320546
airport2nDr0nDe1,0.333333,0.391832,2.082613,2.474445
airport1nDr0nDe3,0.857143,0.519545,2.310537,2.830082
metroplex1nDr1nDe0,0.000000,1.071968,1.087615,2.159583
grid3nDr1nDe1,0.516291,0.414563,2.090355,2.504918
metroplex3nDr1nDe1,0.523810,0.660620,1.596357,2.256977
grid1nDr1nDe0,0.000000,1.048449,1.680608,2.729057
metroplex5nDr1nDe0,0.000000,1.903244,0.637903,2.541147
airport0nDr0nDe3,1.142857,0.602102,2.810401,3.412503
metroplex0nDr1nDe1,2.095238,0.949296,2.369988,3.319284
metroplex0nDr1nDe0,0.000000,1.796965,1.709875,3.506840
metroplex3nDr1nDe0,0.000000,1.786742,1.587293,3.374035
airport4nDr1nDe1,0.333333,0.630320,3.255172,3.885492
airport4nDr0nDe3,0.809524,0.749125,3.276504,4.025629
airport4nDr0nDe1,0.190476,0.614641,3.705307,4.319948
airport4nDr0nDe2,0.666667,0.763879,3.610797,4.374676
metroplex1nDr0nDe1,2.889724,1.721945,2.355915,4.077860
airport3nDr0nDe3,1.428571,0.827235,3.680776,4.508011
grid4nDr1nDe0,0.000000,2.602510,1.774502,4.377012
grid5nDr0nDe1,0.666667,1.921077,2.563574,4.484651
grid0nDr1nDe0,0.000000,2.376845,2.964803,5.341648
grid2nDr1nDe1,0.285714,2.473554,2.774709,5.248263
grid2nDr0nDe1,0.714286,1.431409,3.882503,5.313912
grid5nDr1nDe0,0.000000,2.679969,2.558700,5.238669
grid5nDr1nDe1,2.684211,2.268794,3.330822,5.599616
metroplex2nDr0nDe1,1.047619,2.586183,3.541699,6.127882
metroplex5nDr0nDe1,1.684211,1.529229,4.576158,6.105387
metroplex1nDr1nDe1,0.523810,2.505562,4.225798,6.731360
metroplex5nDr1nDe1,3.330827,2.027920,4.696145,6.724065
grid1nDr0nDe1,1.000000,2.690642,4.574974,7.265616
metroplex0nDr0nDe1,0.666667,4.247595,2.924592,7.172187
grid0nDr0nDe1,0.761905,2.611963,4.969830,7.581793
grid0nDr1nDe1,0.849624,2.667659,5.182468,7.850127
metroplex2nDr1nDe1,1.095238,2.406670,5.162620,7.569290
grid3nDr0nDe2,3.095238,1.523980,6.500059,8.024039
grid1nDr1nDe1,0.714286,2.715514,5.529196,8.244710
metroplex3nDr0nDe3,4.040100,1.734597,6.639915,8.374512
grid4nDr0nDe1,1.087719,4.479778,4.041520,8.521298
metroplex0nDr0nDe2,2.754386,3.698325,5.068986,8.767311
metroplex2nDr0nDe2,2.142857,1.661711,7.482827,9.144538
grid2nDr0nDe2,0.889724,4.454959,5.100724,9.555683
grid5nDr0nDe2,1.809524,2.796819,6.736694,9.533513
grid3nDr0nDe3,3.992481,2.491066,7.057783,9.548849
metroplex3nDr0nDe1,1.619048,7.199187,2.475252,9.674439
grid4nDr1nDe1,0.468672,5.732911,4.184313,9.917224
grid2nDr0nDe3,1.095238,3.578376,6.698178,10.276554
metroplex4nDr1nDe0,0.000000,9.162713,1.399742,10.562455
metroplex4nDr1nDe1,1.230576,5.712346,4.927206,10.639552
metroplex1nDr0nDe2,2.032581,3.659577,7.534016,11.193593
grid1nDr0nDe2,1.461153,3.328517,8.371166,11.699683
metroplex5nDr0nDe2,1.761905,5.501458,5.842488,11.343946
grid0nDr0nDe2,0.666667,6.392508,5.555862,11.948370
metroplex3nDr0nDe2,4.832080,4.164074,7.821164,11.985238
grid4nDr0nDe2,0.476190,7.292707,4.798450,12.091157
metroplex1nDr0nDe3,4.230576,2.112476,10.977769,13.090245
grid0nDr0nDe3,2.182957,5.716449,8.182455,13.898904
metroplex4nDr0nDe1,1.619048,8.999038,4.805129,13.804167
metroplex2nDr0nDe3,8.398496,1.647626,12.781057,14.428683
grid1nDr0nDe3,2.095238,2.671821,12.214151,14.885972
grid4nDr0nDe3,1.619048,7.298306,7.828652,15.126958
grid5nDr0nDe3,2.706767,8.965247,6.946127,15.911374
metroplex5nDr0nDe3,3.889724,7.233690,8.672706,15.906396
metroplex4nDr0nDe3,2.731533,8.985892,10.332486,19.318378
metroplex0nDr0nDe3,8.263158,5.563444,14.310493,19.873937
metroplex4nDr0nDe2,9.170426,8.746683,17.573148,26.319831
# seed = 2
airport1nDr1nDe0,0.000000,0.021551,0.016766,0.038317
airport0nDr1nDe0,0.000000,0.077590,0.104532,0.182122
airport0nDr0nDe1,0.285714,0.090595,0.187960,0.278555
airport1nDr0nDe1,0.190476,0.100874,0.170911,0.271785
airport3nDr1nDe0,0.000000,0.063238,0.067422,0.130660
airport3nDr1nDe1,0.190476,0.104308,0.204140,0.308448
airport0nDr1nDe1,0.190476,0.198118,0.323222,0.521340
airport3nDr0nDe1,0.666667,0.127173,0.289435,0.416608
airport2nDr0nDe3,0.476190,0.077375,0.432155,0.509530
grid3nDr1nDe0,0.000000,0.008308,0.014653,0.022961
airport5nDr1nDe0,0.000000,0.099496,0.249289,0.348785
airport2nDr1nDe0,0.000000,0.239836,0.375083,0.614919
airport1nDr1nDe1,0.095238,0.228210,0.452044,0.680254
airport5nDr0nDe1,0.571429,0.167874,0.521644,0.689518
metroplex2nDr1nDe0,0.000000,0.304791,0.192663,0.497454
airport1nDr0nDe2,0.476190,0.310687,0.967830,1.278517
airport2nDr1nDe1,0.333333,0.392280,1.167163,1.559443
airport5nDr0nDe2,0.380952,0.366374,1.076297,1.442671
grid2nDr1nDe0,0.000000,0.731973,0.720560,1.452533
metroplex1nDr1nDe0,0.000000,0.522859,0.692165,1.215024
grid3nDr0nDe1,0.230576,0.389671,1.196482,1.586153
airport2nDr0nDe2,0.761905,0.323282,1.695587,2.018869
airport2nDr0nDe1,0.333333,0.488185,1.656104,2.144289
airport1nDr0nDe3,0.857143,0.579264,1.666857,2.246121
airport5nDr1nDe1,0.190476,0.410532,1.672948,2.083480
airport4nDr1nDe0,0.000000,0.587382,1.737877,2.325259
airport0nDr0nDe2,0.380952,0.465989,2.149942,2.615931
metroplex3nDr1nDe1,0.523810,0.512369,1.714986,2.227355
airport4nDr1nDe1,0.333333,0.587839,2.135172,2.723011
airport5nDr0nDe3,0.857143,0.577864,2.212063,2.789927
metroplex5nDr1nDe0,0.000000,1.083988,1.266542,2.350530
grid3nDr1nDe1,0.516291,0.372344,2.425814,2.798158
grid1nDr1nDe0,0.000000,1.636247,1.332008,2.968255
airport4nDr0nDe1,0.190476,0.803434,2.536941,3.340375
metroplex0nDr1nDe0,0.000000,2.226678,1.020721,3.247399
airport0nDr0nDe3,1.142857,0.619644,3.528541,4.148185
grid4nDr1nDe0,0.000000,2.011025,1.741774,3.752799
grid2nDr1nDe1,0.285714,1.356573,2.647494,4.004067
airport3nDr0nDe2,0.619048,0.443384,3.869642,4.313026
grid2nDr0nDe1,0.714286,0.966600,3.195857,4.162457
airport4nDr0nDe3,0.809524,0.845657,3.714616,4.560273
airport4nDr0nDe2,0.666667,0.740628,4.011299,4.751927
metroplex0nDr1nDe1,2.095238,0.784974,3.756784,4.541758
metroplex2nDr0nDe1,1.047619,2.209415,2.829320,5.038735
metroplex3nDr1nDe0,0.000000,3.803457,1.316044,5.119501
grid5nDr1nDe1,2.684211,2.297953,2.929776,5.227729
metroplex1nDr1nDe1,0.523810,2.190983,3.021038,5.212021
grid1nDr0nDe1,1.000000,2.291361,3.266266,5.557627
metroplex5nDr1nDe1,3.330827,1.610876,3.872728,5.483604
grid5nDr1nDe0,0.000000,2.547739,3.219927,5.767666
airport3nDr0nDe3,1.428571,0.684920,5.580868,6.265788
grid0nDr1nDe0,0.000000,2.457341,4.206102,6.663443
metroplex1nDr0nDe1,2.889724,1.802423,4.946707,6.749130
metroplex2nDr1nDe1,1.095238,1.681847,5.061769,6.743616
grid0nDr1nDe1,0.849624,3.203986,4.447019,7.651005
grid0nDr0nDe1,0.761905,3.512416,4.232238,7.744654
metroplex3nDr0nDe1,1.619048,3.005332,4.492027,7.497359
metroplex0nDr0nDe1,0.666667,3.045631,4.639166,7.684797
grid5nDr0nDe1,0.666667,2.710503,5.067794,7.778297
grid2nDr0nDe2,0.889724,3.669366,4.271974,7.941340
grid4nDr0nDe1,1.087719,2.967959,4.911334,7.879293
metroplex5nDr0nDe1,1.684211,3.002139,5.034351,8.036490
grid1nDr1nDe1,0.714286,3.166971,5.429223,8.596194
grid3nDr0nDe2,3.095238,1.895544,6.641241,8.536785
grid2nDr0nDe3,1.095238,2.400953,6.438457,8.839410
metroplex2nDr0nDe2,2.142857,1.286154,8.097156,9.383310
metroplex3nDr0nDe3,4.040100,1.922956,7.598641,9.521597
grid5nDr0nDe2,1.809524,1.386468,8.584441,9.970909
metroplex4nDr1nDe0,0.000000,7.872594,2.331968,10.204562
grid1nDr0nDe2,1.461153,3.238701,7.443180,10.681881
metroplex3nDr0nDe2,4.832080,2.182350,8.473070,10.655420
grid3nDr0nDe3,3.992481,1.236287,9.908136,11.144423
metroplex4nDr1nDe1,1.230576,8.043828,3.009525,11.053353
metroplex0nDr0nDe2,2.754386,3.323197,7.873206,11.196403
metroplex5nDr0nDe2,1.761905,4.713754,6.610209,11.323963
grid4nDr1nDe1,0.468672,5.965492,5.608087,11.573579
metroplex1nDr0nDe3,4.230576,1.464985,10.374360,11.839345
metroplex4nDr0nDe1,1.619048,6.946512,5.203867,12.150379
metroplex1nDr0nDe2,2.032581,4.306978,8.237009,12.543987
grid4nDr0nDe2,0.476190,8.090051,4.746786,12.836837
grid0nDr0nDe2,0.666667,6.148608,7.013224,13.161832
grid0nDr0nDe3,2.182957,4.241114,9.129787,13.370901
grid1nDr0nDe3,2.095238,1.892472,12.227625,14.120097
grid5nDr0nDe3,2.706767,7.414126,7.632534,15.046660
grid4nDr0nDe3,1.619048,8.166679,7.078981,15.245660
metroplex2nDr0nDe3,8.398496,3.349678,12.427024,15.776702
metroplex5nDr0nDe3,3.889724,8.421368,8.265228,16.686596
metroplex4nDr0nDe3,2.731533,9.597351,9.837092,19.434443
metroplex0nDr0nDe3,8.263158,6.597174,13.944420,20.541594
metroplex4nDr0nDe2,9.170426,8.893260,17.950722,26.843982
#seed = 3airport1nDr1nDe0,0.000000,0.021360,0.015966,0.037326
airport0nDr0nDe1,0.285714,0.090513,0.146964,0.237477
airport0nDr1nDe0,0.000000,0.076743,0.097395,0.174138
airport3nDr1nDe0,0.000000,0.063114,0.062745,0.125859
grid3nDr1nDe0,0.000000,0.009818,0.014834,0.024652
airport1nDr0nDe1,0.190476,0.139901,0.171834,0.311735
airport2nDr0nDe3,0.476190,0.077466,0.290376,0.367842
airport3nDr1nDe1,0.190476,0.091161,0.189428,0.280589
airport5nDr1nDe0,0.000000,0.115313,0.231070,0.346383
airport0nDr1nDe1,0.190476,0.210857,0.423273,0.634130
airport5nDr0nDe1,0.571429,0.158353,0.480817,0.639170
airport3nDr0nDe1,0.666667,0.135945,0.597969,0.733914
airport2nDr1nDe0,0.000000,0.191479,0.670682,0.862161
metroplex2nDr1nDe0,0.000000,0.425051,0.056789,0.481840
airport1nDr1nDe1,0.095238,0.202541,0.909404,1.111945
airport5nDr0nDe2,0.380952,0.331110,0.618004,0.949114
airport5nDr1nDe1,0.190476,0.310560,0.879612,1.190172
airport1nDr0nDe3,0.857143,0.599717,0.912554,1.512271
grid3nDr0nDe1,0.230576,0.451673,0.831896,1.283569
airport2nDr1nDe1,0.333333,0.334949,1.081374,1.416323
grid2nDr1nDe0,0.000000,0.798459,0.825060,1.623519
airport1nDr0nDe2,0.476190,0.354389,1.625614,1.980003
airport4nDr1nDe0,0.000000,0.672407,1.420571,2.092978
airport2nDr0nDe1,0.333333,0.439307,1.787607,2.226914
grid3nDr1nDe1,0.516291,0.396899,1.616781,2.013680
metroplex1nDr1nDe0,0.000000,0.694511,1.243206,1.937717
metroplex5nDr1nDe0,0.000000,0.997810,0.987850,1.985660
airport0nDr0nDe2,0.380952,0.522119,2.325121,2.847240
airport4nDr0nDe2,0.666667,0.678472,1.984084,2.662556
grid2nDr1nDe1,0.285714,1.212947,1.557724,2.770671
airport3nDr0nDe2,0.619048,0.495167,2.359318,2.854485
metroplex3nDr1nDe0,0.000000,1.525795,0.969026,2.494821
airport0nDr0nDe3,1.142857,0.676741,2.614197,3.290938
grid1nDr1nDe0,0.000000,1.111212,2.430945,3.542157
metroplex0nDr1nDe1,2.095238,0.986008,2.671930,3.657938
grid4nDr1nDe0,0.000000,1.608375,2.314546,3.922921
airport2nDr0nDe2,0.761905,0.338029,3.957752,4.295781
grid5nDr1nDe1,2.684211,1.239111,2.833450,4.072561
airport5nDr0nDe3,0.857143,0.548777,3.871028,4.419805
airport4nDr0nDe1,0.190476,0.857079,3.615947,4.473026
metroplex2nDr0nDe1,1.047619,1.680381,2.510919,4.191300
metroplex3nDr1nDe1,0.523810,0.628382,3.475782,4.104164
airport4nDr0nDe3,0.809524,0.714580,4.166073,4.880653
grid0nDr1nDe1,0.849624,1.661312,3.192979,4.854291
airport4nDr1nDe1,0.333333,0.726838,4.189800,4.916638
metroplex5nDr1nDe1,3.330827,1.595560,3.296981,4.892541
metroplex0nDr1nDe0,0.000000,3.301736,2.203670,5.505406
airport3nDr0nDe3,1.428571,0.708370,5.320936,6.029306
grid5nDr1nDe0,0.000000,3.034960,2.869154,5.904114
grid2nDr0nDe1,0.714286,1.546824,5.170986,6.717810
metroplex5nDr0nDe1,1.684211,1.332344,5.070677,6.403021
metroplex1nDr1nDe1,0.523810,2.639519,4.424368,7.063887
grid2nDr0nDe2,0.889724,3.497712,3.939122,7.436834
grid0nDr1nDe0,0.000000,4.186123,3.451611,7.637734
grid1nDr0nDe1,1.000000,2.174939,5.528179,7.703118
metroplex2nDr0nDe2,2.142857,0.887990,6.586249,7.474239
metroplex2nDr1nDe1,1.095238,1.686337,5.821764,7.508101
metroplex1nDr0nDe1,2.889724,1.492042,6.031397,7.523439
metroplex3nDr0nDe3,4.040100,1.055436,6.784253,7.839689
grid2nDr0nDe3,1.095238,4.481173,3.852619,8.333792
metroplex3nDr0nDe1,1.619048,4.219502,3.869630,8.089132
grid4nDr0nDe1,1.087719,2.409525,5.997821,8.407346
metroplex0nDr0nDe1,0.666667,3.240339,4.996353,8.236692
grid0nDr0nDe1,0.761905,2.679651,6.190209,8.869860
grid1nDr1nDe1,0.714286,4.152095,5.040707,9.192802
grid3nDr0nDe2,3.095238,2.091032,7.432473,9.523505
grid5nDr0nDe2,1.809524,2.589877,6.930190,9.520067
grid5nDr0nDe1,0.666667,4.156949,5.379603,9.536552
metroplex4nDr1nDe0,0.000000,7.154959,2.199323,9.354282
grid4nDr0nDe2,0.476190,3.808994,6.169533,9.978527
metroplex0nDr0nDe2,2.754386,3.828113,6.358510,10.186623
grid4nDr1nDe1,0.468672,4.262220,6.417750,10.679970
metroplex4nDr1nDe1,1.230576,8.144612,2.912311,11.056923
metroplex3nDr0nDe2,4.832080,2.237251,8.977591,11.214842
metroplex5nDr0nDe2,1.761905,5.815081,5.353328,11.168409
grid3nDr0nDe3,3.992481,1.680143,10.071813,11.751956
metroplex1nDr0nDe2,2.032581,2.742347,9.174335,11.916682
grid0nDr0nDe2,0.666667,5.957194,6.245989,12.203183
grid1nDr0nDe2,1.461153,3.919679,8.610397,12.530076
metroplex1nDr0nDe3,4.230576,2.328596,10.122436,12.451032
metroplex4nDr0nDe1,1.619048,8.489287,5.456188,13.945475
grid1nDr0nDe3,2.095238,2.973518,11.721677,14.695195
grid0nDr0nDe3,2.182957,8.083667,6.933291,15.016958
metroplex2nDr0nDe3,8.398496,3.002913,11.925743,14.928656
grid4nDr0nDe3,1.619048,8.120337,7.455352,15.575689
grid5nDr0nDe3,2.706767,8.347265,7.125607,15.472872
metroplex5nDr0nDe3,3.889724,6.636808,9.361243,15.998051
metroplex4nDr0nDe3,2.731533,8.546977,11.228826,19.775803
metroplex0nDr0nDe3,8.263158,7.253597,13.354409,20.608006
metroplex4nDr0nDe2,9.170426,7.772222,17.946379,25.718601
#seed = 4

airport1nDr1nDe0,0.000000,0.022071,0.016535,0.038606
airport0nDr1nDe0,0.000000,0.088990,0.101966,0.190956
airport0nDr0nDe1,0.285714,0.088606,0.168632,0.257238
airport1nDr0nDe1,0.190476,0.111032,0.218790,0.329822
grid3nDr1nDe0,0.000000,0.008062,0.011901,0.019963
airport3nDr1nDe0,0.000000,0.082651,0.179587,0.262238
airport3nDr0nDe1,0.666667,0.123802,0.301566,0.425368
airport2nDr0nDe3,0.476190,0.091371,0.373465,0.464836
airport3nDr1nDe1,0.190476,0.101728,0.280181,0.381909
airport0nDr1nDe1,0.190476,0.173575,0.451474,0.625049
airport2nDr1nDe0,0.000000,0.211336,0.401307,0.612643
airport1nDr1nDe1,0.095238,0.239195,0.455812,0.695007
airport5nDr1nDe0,0.000000,0.276975,0.298196,0.575171
airport5nDr0nDe1,0.571429,0.182926,0.448444,0.631370
airport2nDr1nDe1,0.333333,0.273665,1.073968,1.347633
metroplex2nDr1nDe0,0.000000,0.593069,0.170803,0.763872
grid3nDr1nDe1,0.516291,0.336592,0.781809,1.118401
grid3nDr0nDe1,0.230576,0.390059,0.866967,1.257026
airport1nDr0nDe2,0.476190,0.341816,1.229040,1.570856
airport2nDr0nDe2,0.761905,0.323089,1.389248,1.712337
airport5nDr0nDe2,0.380952,0.304099,1.592940,1.897039
grid1nDr1nDe0,0.000000,1.241296,0.658588,1.899884
airport1nDr0nDe3,0.857143,0.527207,1.771311,2.298518
grid2nDr1nDe0,0.000000,0.866329,1.159461,2.025790
airport4nDr1nDe0,0.000000,0.416195,1.799042,2.215237
airport3nDr0nDe2,0.619048,0.434709,1.948712,2.383421
metroplex1nDr1nDe0,0.000000,0.661423,1.205652,1.867075
airport5nDr1nDe1,0.190476,0.425992,1.830098,2.256090
airport0nDr0nDe2,0.380952,0.468701,2.232957,2.701658
metroplex3nDr1nDe1,0.523810,0.645472,1.842064,2.487536
airport2nDr0nDe1,0.333333,0.489501,2.611222,3.100723
airport4nDr1nDe1,0.333333,0.573486,2.536533,3.110019
airport4nDr0nDe2,0.666667,0.625102,2.737918,3.363020
airport4nDr0nDe1,0.190476,0.604397,2.884413,3.488810
airport5nDr0nDe3,0.857143,0.694222,2.727724,3.421946
metroplex2nDr0nDe1,1.047619,1.184598,2.009288,3.193886
airport0nDr0nDe3,1.142857,0.598729,3.348471,3.947200
metroplex3nDr1nDe0,0.000000,1.904062,1.730997,3.635059
metroplex5nDr1nDe0,0.000000,2.587977,1.260787,3.848764
grid2nDr0nDe1,0.714286,1.625454,2.734705,4.360159
airport4nDr0nDe3,0.809524,0.762879,3.762313,4.525192
metroplex2nDr1nDe1,1.095238,2.050618,2.424178,4.474796
grid5nDr1nDe0,0.000000,1.517437,3.131680,4.649117
metroplex0nDr1nDe0,0.000000,2.973840,1.886549,4.860389
metroplex0nDr1nDe1,2.095238,0.830148,4.272692,5.102840
grid2nDr1nDe1,0.285714,1.477227,3.812894,5.290121
metroplex5nDr0nDe1,1.684211,1.881231,3.265882,5.147113
grid1nDr0nDe1,1.000000,2.384257,3.045901,5.430158
grid4nDr1nDe0,0.000000,2.450010,2.915591,5.365601
airport3nDr0nDe3,1.428571,0.654643,5.553876,6.208519
metroplex0nDr0nDe1,0.666667,2.494313,3.701305,6.195618
metroplex1nDr1nDe1,0.523810,2.700433,3.500164,6.200597
grid0nDr1nDe1,0.849624,2.895621,3.923038,6.818659
grid4nDr0nDe1,1.087719,2.387110,4.331663,6.718773
grid5nDr1nDe1,2.684211,2.032124,5.136799,7.168923
metroplex1nDr0nDe1,2.889724,3.304214,3.753709,7.057923
grid0nDr0nDe1,0.761905,2.791055,4.578468,7.369523
grid2nDr0nDe2,0.889724,3.539888,3.777533,7.317421
grid5nDr0nDe1,0.666667,2.055867,5.759768,7.815635
grid0nDr1nDe0,0.000000,6.879459,1.170277,8.049736
metroplex3nDr0nDe3,4.040100,2.192189,5.737158,7.929347
metroplex5nDr1nDe1,3.330827,2.008991,5.816210,7.825201
grid3nDr0nDe2,3.095238,1.858498,6.623696,8.482194
metroplex3nDr0nDe1,1.619048,2.895851,5.466048,8.361899
grid1nDr1nDe1,0.714286,3.916448,5.618310,9.534758
metroplex4nDr1nDe0,0.000000,7.441351,2.149440,9.590791
grid5nDr0nDe2,1.809524,1.425984,8.448708,9.874692
grid4nDr0nDe2,0.476190,5.204119,5.106185,10.310304
grid2nDr0nDe3,1.095238,3.161200,7.186146,10.347346
metroplex0nDr0nDe2,2.754386,5.158617,5.856387,11.015004
metroplex4nDr1nDe1,1.230576,6.572949,4.493998,11.066947
grid3nDr0nDe3,3.992481,1.778047,9.540763,11.318810
metroplex2nDr0nDe2,2.142857,1.078111,10.146200,11.224311
grid4nDr1nDe1,0.468672,6.791249,4.751411,11.542660
metroplex5nDr0nDe2,1.761905,4.982999,6.832283,11.815282
metroplex3nDr0nDe2,4.832080,2.805858,9.068526,11.874384
grid1nDr0nDe2,1.461153,6.705522,5.496250,12.201772
metroplex1nDr0nDe2,2.032581,4.361617,7.824575,12.186192
grid0nDr0nDe2,0.666667,4.120353,9.258885,13.379238
metroplex1nDr0nDe3,4.230576,2.952594,10.422775,13.375369
grid1nDr0nDe3,2.095238,2.324795,11.464350,13.789145
grid5nDr0nDe3,2.706767,4.500980,9.211728,13.712708
metroplex2nDr0nDe3,8.398496,3.546221,11.103480,14.649701
metroplex4nDr0nDe1,1.619048,9.716208,4.980329,14.696537
grid0nDr0nDe3,2.182957,5.176647,9.831509,15.008156
grid4nDr0nDe3,1.619048,7.635931,8.209543,15.845474
metroplex5nDr0nDe3,3.889724,6.428253,10.443646,16.871899
metroplex4nDr0nDe3,2.731533,6.308599,12.158830,18.467429
metroplex0nDr0nDe3,8.263158,6.120526,14.098831,20.219357
metroplex4nDr0nDe2,9.170426,6.866677,20.252824,27.119501
#seed = 5
airport1nDr1nDe0,0.000000,0.021788,0.016684,0.038472
airport0nDr1nDe0,0.000000,0.076353,0.128589,0.204942
airport0nDr0nDe1,0.285714,0.087725,0.196094,0.283819
airport1nDr0nDe1,0.190476,0.099580,0.217645,0.317225
airport3nDr1nDe0,0.000000,0.070415,0.095641,0.166056
grid3nDr1nDe0,0.000000,0.008265,0.021663,0.029928
airport2nDr0nDe3,0.476190,0.087760,0.317190,0.404950
airport0nDr1nDe1,0.190476,0.180471,0.342818,0.523289
airport3nDr1nDe1,0.190476,0.114427,0.306192,0.420619
airport3nDr0nDe1,0.666667,0.137878,0.322587,0.460465
airport5nDr1nDe0,0.000000,0.102697,0.287937,0.390634
airport2nDr1nDe0,0.000000,0.198707,0.377742,0.576449
airport1nDr1nDe1,0.095238,0.225637,0.557614,0.783251
airport5nDr0nDe1,0.571429,0.178326,0.498390,0.676716
airport1nDr0nDe2,0.476190,0.332868,0.886026,1.218894
metroplex2nDr1nDe0,0.000000,0.420521,0.113044,0.533565
airport2nDr0nDe1,0.333333,0.401447,0.987759,1.389206
grid2nDr1nDe0,0.000000,0.698717,0.618890,1.317607
airport2nDr1nDe1,0.333333,0.321975,1.436992,1.758967
airport0nDr0nDe2,0.380952,0.456590,1.587523,2.044113
airport5nDr0nDe2,0.380952,0.331390,1.450307,1.781697
grid3nDr0nDe1,0.230576,0.415888,1.237372,1.653260
airport4nDr1nDe0,0.000000,0.420335,1.437600,1.857935
grid3nDr1nDe1,0.516291,0.422598,1.319677,1.742275
airport1nDr0nDe3,0.857143,0.561081,1.517433,2.078514
airport2nDr0nDe2,0.761905,0.387902,1.718533,2.106435
airport5nDr1nDe1,0.190476,0.464316,1.938363,2.402679
metroplex1nDr1nDe0,0.000000,0.536830,1.499330,2.036160
airport5nDr0nDe3,0.857143,0.614377,2.027655,2.642032
grid4nDr1nDe0,0.000000,1.329706,1.500255,2.829961
grid1nDr1nDe0,0.000000,1.460869,1.538418,2.999287
airport3nDr0nDe2,0.619048,0.499105,2.737832,3.236937
metroplex5nDr1nDe0,0.000000,1.605087,1.148155,2.753242
metroplex3nDr1nDe1,0.523810,0.505267,2.312988,2.818255
metroplex3nDr1nDe0,0.000000,1.672185,1.285289,2.957474
airport4nDr0nDe1,0.190476,0.678877,2.755752,3.434629
grid2nDr0nDe1,0.714286,1.200106,2.452080,3.652186
metroplex0nDr1nDe1,2.095238,0.907023,2.921711,3.828734
grid2nDr1nDe1,0.285714,2.210610,1.686889,3.897499
airport4nDr0nDe2,0.666667,0.760470,3.371233,4.131703
airport4nDr1nDe1,0.333333,0.640146,3.673131,4.313277
grid5nDr1nDe1,2.684211,1.506909,2.626939,4.133848
airport0nDr0nDe3,1.142857,0.696392,4.587296,5.283688
airport4nDr0nDe3,0.809524,0.741119,4.432864,5.173983
grid5nDr1nDe0,0.000000,2.396881,2.536367,4.933248
airport3nDr0nDe3,1.428571,0.656935,4.625647,5.282582
metroplex2nDr0nDe1,1.047619,1.748785,3.124337,4.873122
metroplex0nDr1nDe0,0.000000,3.286154,1.756253,5.042407
metroplex1nDr0nDe1,2.889724,1.808423,3.277989,5.086412
metroplex2nDr1nDe1,1.095238,2.434149,2.836383,5.270532
grid0nDr1nDe0,0.000000,3.434205,2.391118,5.825323
metroplex5nDr0nDe1,1.684211,1.246262,5.024924,6.271186
grid1nDr1nDe1,0.714286,2.804502,3.990039,6.794541
metroplex3nDr0nDe1,1.619048,3.251794,3.171776,6.423570
grid0nDr1nDe1,0.849624,3.066987,3.970780,7.037767
grid5nDr0nDe2,1.809524,1.764828,6.430835,8.195663
grid5nDr0nDe1,0.666667,2.265404,6.097370,8.362774
metroplex1nDr1nDe1,0.523810,4.396644,3.796347,8.192991
grid2nDr0nDe2,0.889724,5.121260,3.390414,8.511674
metroplex4nDr1nDe0,0.000000,6.757928,1.610335,8.368263
grid0nDr0nDe1,0.761905,3.049807,5.982581,9.032388
grid1nDr0nDe1,1.000000,3.769062,5.335592,9.104654
metroplex2nDr0nDe2,2.142857,1.809228,6.921864,8.731092
grid4nDr0nDe1,1.087719,3.932264,5.415160,9.347424
metroplex5nDr1nDe1,3.330827,2.946337,6.276293,9.222630
metroplex3nDr0nDe3,4.040100,1.975987,7.558941,9.534928
metroplex0nDr0nDe1,0.666667,4.574526,5.646178,10.220704
grid4nDr0nDe2,0.476190,4.727307,5.629884,10.357191
grid1nDr0nDe2,1.461153,3.354069,7.076547,10.430616
grid3nDr0nDe2,3.095238,2.768318,7.819941,10.588259
grid4nDr1nDe1,0.468672,5.697498,5.254054,10.951552
grid3nDr0nDe3,3.992481,1.756375,9.525987,11.282362
metroplex0nDr0nDe2,2.754386,4.485424,6.947033,11.432457
metroplex3nDr0nDe2,4.832080,3.597124,7.835564,11.432688
grid2nDr0nDe3,1.095238,4.807284,7.149033,11.956317
metroplex5nDr0nDe2,1.761905,5.546506,6.242782,11.789288
metroplex1nDr0nDe2,2.032581,2.353355,9.928441,12.281796
metroplex4nDr1nDe1,1.230576,9.337924,3.271850,12.609774
metroplex1nDr0nDe3,4.230576,2.540755,10.491554,13.032309
grid0nDr0nDe2,0.666667,4.898216,8.750079,13.648295
metroplex4nDr0nDe1,1.619048,7.591128,6.121770,13.712898
grid1nDr0nDe3,2.095238,2.989206,11.251239,14.240445
grid0nDr0nDe3,2.182957,6.760734,7.481806,14.242540
grid4nDr0nDe3,1.619048,5.710162,9.579796,15.289958
metroplex2nDr0nDe3,8.398496,3.812368,11.183448,14.995816
metroplex5nDr0nDe3,3.889724,7.240550,8.342598,15.583148
grid5nDr0nDe3,2.706767,8.585189,7.589242,16.174431
metroplex4nDr0nDe3,2.731533,8.181712,10.675917,18.857629
metroplex0nDr0nDe3,8.263158,4.941094,15.573155,20.514249
metroplex4nDr0nDe2,9.170426,6.865439,19.175930,26.041369
airport1nDr1nDe0,0.000000,0.021858,0.039327,0.061185
airport0nDr1nDe0,0.000000,0.077367,0.089665,0.167032
airport0nDr0nDe1,0.285714,0.090124,0.164483,0.254607
airport1nDr0nDe1,0.190476,0.100640,0.152145,0.252785
airport3nDr1nDe0,0.000000,0.065880,0.056545,0.122425
grid3nDr1nDe0,0.000000,0.006609,0.009080,0.015689
airport5nDr1nDe0,0.000000,0.098991,0.147803,0.246794
airport3nDr0nDe1,0.666667,0.145876,0.165243,0.311119
airport0nDr1nDe1,0.190476,0.178589,0.247639,0.426228
airport3nDr1nDe1,0.190476,0.090862,0.178290,0.269152
airport2nDr0nDe3,0.476190,0.096576,0.269086,0.365662
airport1nDr1nDe1,0.095238,0.215207,0.264669,0.479876
airport2nDr1nDe0,0.000000,0.186489,0.247048,0.433537
airport5nDr0nDe1,0.571429,0.147853,0.275959,0.423812
airport1nDr0nDe2,0.476190,0.301871,0.536372,0.838243
metroplex2nDr1nDe0,0.000000,0.251100,0.037223,0.288323
grid3nDr0nDe1,0.230576,0.253153,0.262161,0.515314
airport5nDr1nDe1,0.190476,0.337830,0.423878,0.761708
airport4nDr1nDe0,0.000000,0.354687,0.406226,0.760913
airport0nDr0nDe2,0.380952,0.447245,0.626530,1.073775
airport2nDr0nDe2,0.761905,0.315755,0.606655,0.922410
airport1nDr0nDe3,0.857143,0.506738,0.498151,1.004889
grid2nDr1nDe0,0.000000,0.512952,0.190068,0.703020
airport5nDr0nDe3,0.857143,0.446570,0.483689,0.930259
grid3nDr1nDe1,0.516291,0.255879,0.271197,0.527076
airport5nDr0nDe2,0.380952,0.338017,0.618528,0.956545
airport2nDr0nDe1,0.333333,0.336776,0.751224,1.088000
metroplex3nDr1nDe1,0.523810,0.389148,0.278773,0.667921
grid1nDr1nDe0,0.000000,0.682763,0.282573,0.965336
metroplex1nDr1nDe0,0.000000,0.650922,0.132371,0.783293
airport3nDr0nDe2,0.619048,0.393176,0.878063,1.271239
airport2nDr1nDe1,0.333333,0.259685,0.991448,1.251133
airport4nDr1nDe1,0.333333,0.551820,0.636039,1.187859
airport4nDr0nDe1,0.190476,0.528929,0.941443,1.470372
metroplex5nDr1nDe0,0.000000,0.957460,0.253453,1.210913
metroplex3nDr1nDe0,0.000000,0.987952,0.231234,1.219186
grid2nDr1nDe1,0.285714,0.915625,0.556841,1.472466
grid5nDr1nDe0,0.000000,0.989486,0.391247,1.380733
airport4nDr0nDe2,0.666667,0.772697,0.945783,1.718480
airport0nDr0nDe3,1.142857,0.524614,1.575134,2.099748
metroplex0nDr1nDe1,2.095238,0.653951,0.950732,1.604683
metroplex2nDr0nDe1,1.047619,0.755154,0.854581,1.609735
grid2nDr0nDe1,0.714286,0.920455,0.959878,1.880333
grid4nDr1nDe0,0.000000,1.161617,0.525531,1.687148
airport3nDr0nDe3,1.428571,0.632483,1.454066,2.086549
airport4nDr0nDe3,0.809524,0.593266,1.415279,2.008545
grid0nDr1nDe1,0.849624,1.031624,1.224741,2.256365
grid5nDr1nDe1,2.684211,1.099299,0.923226,2.022525
grid0nDr1nDe0,0.000000,1.505075,0.820715,2.325790
metroplex0nDr1nDe0,0.000000,1.646658,0.419247,2.065905
metroplex5nDr0nDe1,1.684211,1.024835,1.103384,2.128219
metroplex5nDr1nDe1,3.330827,0.945677,1.395201,2.340878
grid1nDr0nDe1,1.000000,1.240159,1.401866,2.642025
metroplex1nDr0nDe1,2.889724,0.834262,1.624450,2.458712
metroplex2nDr1nDe1,1.095238,1.164698,1.458956,2.623654
grid5nDr0nDe1,0.666667,1.497193,1.474348,2.971541
metroplex1nDr1nDe1,0.523810,1.203583,1.851608,3.055191
metroplex2nDr0nDe2,2.142857,1.109656,1.948543,3.058199
grid0nDr0nDe1,0.761905,1.596035,1.772565,3.368600
metroplex0nDr0nDe1,0.666667,1.763166,1.409861,3.173027
grid4nDr0nDe1,1.087719,1.644849,1.825752,3.470601
grid1nDr1nDe1,0.714286,1.384467,1.982361,3.366828
grid2nDr0nDe2,0.889724,1.382682,2.253166,3.635848
metroplex3nDr0nDe1,1.619048,1.368679,2.059625,3.428304
metroplex3nDr0nDe3,4.040100,0.712949,3.161489,3.874438
grid3nDr0nDe2,3.095238,0.886588,3.221756,4.108344
grid1nDr0nDe2,1.461153,1.567376,2.975886,4.543262
metroplex4nDr1nDe0,0.000000,2.797055,1.639574,4.436629
grid5nDr0nDe2,1.809524,1.120846,3.464908,4.585754
grid4nDr1nDe1,0.468672,1.995097,2.730149,4.725246
metroplex0nDr0nDe2,2.754386,1.641132,3.459302,5.100434
metroplex1nDr0nDe3,4.230576,0.844347,4.235539,5.079886
metroplex4nDr1nDe1,1.230576,2.699229,2.566791,5.266020
grid0nDr0nDe2,0.666667,2.279234,3.385006,5.664240
grid4nDr0nDe2,0.476190,2.264603,3.822923,6.087526
grid1nDr0nDe3,2.095238,1.269392,4.946094,6.215486
grid2nDr0nDe3,1.095238,1.823403,4.545033,6.368436
metroplex5nDr0nDe2,1.761905,2.155338,4.091988,6.247326
metroplex3nDr0nDe2,4.832080,1.533237,4.799365,6.332602
grid3nDr0nDe3,3.992481,1.195375,5.488930,6.684305
grid4nDr0nDe3,1.619048,2.494372,5.159740,7.654112
metroplex4nDr0nDe1,1.619048,3.517738,4.429122,7.946860
metroplex1nDr0nDe2,2.032581,1.653048,7.528202,9.181250
metroplex2nDr0nDe3,8.398496,1.288866,7.977405,9.266271
grid0nDr0nDe3,2.182957,2.625406,6.976475,9.601881
metroplex5nDr0nDe3,3.889724,2.816978,7.814455,10.631433
grid5nDr0nDe3,2.706767,2.684492,8.662385,11.346877
metroplex0nDr0nDe3,8.263158,2.319686,16.593986,18.913672
metroplex4nDr0nDe2,9.170426,3.685269,19.284647,22.969916
metroplex4nDr0nDe3,2.731533,3.210569,31.897050,35.107619
airport0nDr1nDe0,0.000000,0.076426,0.085097,0.161523
airport1nDr1nDe0,0.000000,0.025560,0.014444,0.040004
airport0nDr0nDe1,0.285714,0.089525,0.135839,0.225364
airport1nDr0nDe1,0.190476,0.097905,0.120936,0.218841
airport3nDr1nDe0,0.000000,0.062098,0.067220,0.129318
airport3nDr1nDe1,0.190476,0.102970,0.122505,0.225475
grid3nDr1nDe0,0.000000,0.006680,0.009208,0.015888
airport3nDr0nDe1,0.666667,0.112808,0.187877,0.300685
airport2nDr0nDe3,0.476190,0.084328,0.217661,0.301989
airport0nDr1nDe1,0.190476,0.171013,0.257842,0.428855
airport5nDr1nDe0,0.000000,0.099561,0.142188,0.241749
airport1nDr1nDe1,0.095238,0.217455,0.286631,0.504086
airport5nDr0nDe1,0.571429,0.147561,0.256164,0.403725
airport2nDr1nDe0,0.000000,0.252996,0.229156,0.482152
airport5nDr0nDe2,0.380952,0.296265,0.408103,0.704368
grid3nDr1nDe1,0.516291,0.253745,0.272029,0.525774
airport2nDr1nDe1,0.333333,0.259215,0.653085,0.912300
airport1nDr0nDe3,0.857143,0.487278,0.504109,0.991387
airport0nDr0nDe2,0.380952,0.469022,0.629123,1.098145
metroplex2nDr1nDe0,0.000000,0.433483,0.036365,0.469848
airport1nDr0nDe2,0.476190,0.306711,0.753432,1.060143
metroplex1nDr1nDe0,0.000000,0.417453,0.132643,0.550096
airport2nDr0nDe2,0.761905,0.313766,0.744305,1.058071
grid3nDr0nDe1,0.230576,0.417572,0.389897,0.807469
airport4nDr1nDe0,0.000000,0.385907,0.583347,0.969254
grid2nDr1nDe0,0.000000,0.638402,0.189125,0.827527
airport5nDr1nDe1,0.190476,0.302577,0.573744,0.876321
airport5nDr0nDe3,0.857143,0.560414,0.576041,1.136455
airport4nDr1nDe1,0.333333,0.477392,0.691533,1.168925
metroplex5nDr1nDe0,0.000000,0.693830,0.159313,0.853143
airport3nDr0nDe2,0.619048,0.352143,0.960767,1.312910
grid1nDr1nDe0,0.000000,0.828039,0.303836,1.131875
airport0nDr0nDe3,1.142857,0.530094,1.084252,1.614346
metroplex3nDr1nDe1,0.523810,0.646838,0.305227,0.952065
airport2nDr0nDe1,0.333333,0.334118,1.209573,1.543691
airport4nDr0nDe2,0.666667,0.525028,1.026198,1.551226
grid4nDr1nDe0,0.000000,0.945812,0.342897,1.288709
grid2nDr1nDe1,0.285714,0.888330,0.553485,1.441815
metroplex3nDr1nDe0,0.000000,1.063287,0.213290,1.276577
airport4nDr0nDe1,0.190476,0.663562,1.106942,1.770504
airport4nDr0nDe3,0.809524,0.568605,1.317825,1.886430
grid2nDr0nDe1,0.714286,0.780549,0.976196,1.756745
airport3nDr0nDe3,1.428571,0.552683,1.449524,2.002207
grid5nDr1nDe0,0.000000,1.280258,0.372202,1.652460
grid5nDr1nDe1,2.684211,0.818778,0.895537,1.714315
metroplex2nDr0nDe1,1.047619,1.014164,0.835805,1.849969
metroplex0nDr1nDe0,0.000000,1.582253,0.418053,2.000306
metroplex0nDr1nDe1,2.095238,0.571472,1.473028,2.044500
grid0nDr1nDe1,0.849624,1.280529,1.238446,2.518975
metroplex0nDr0nDe1,0.666667,1.294640,1.269666,2.564306
grid0nDr1nDe0,0.000000,1.980767,0.830086,2.810853
metroplex1nDr0nDe1,2.889724,0.856744,1.760345,2.617089
metroplex2nDr1nDe1,1.095238,1.544198,1.109593,2.653791
metroplex5nDr1nDe1,3.330827,1.233920,1.386060,2.619980
grid1nDr1nDe1,0.714286,1.322309,1.644169,2.966478
grid1nDr0nDe1,1.000000,1.620955,1.372831,2.993786
grid5nDr0nDe1,0.666667,1.475181,1.518161,2.993342
metroplex5nDr0nDe1,1.684211,1.108218,1.874513,2.982731
grid4nDr0nDe1,1.087719,1.428522,1.776335,3.204857
metroplex2nDr0nDe2,2.142857,0.673375,2.430148,3.103523
grid0nDr0nDe1,0.761905,1.594685,1.832611,3.427296
grid5nDr0nDe2,1.809524,1.074852,2.168299,3.243151
metroplex1nDr1nDe1,0.523810,1.450197,1.992810,3.443007
metroplex3nDr0nDe1,1.619048,1.358186,2.020580,3.378766
grid3nDr0nDe2,3.095238,0.889751,3.141341,4.031092
grid2nDr0nDe2,0.889724,1.388893,2.778665,4.167558
metroplex3nDr0nDe3,4.040100,1.009388,2.995697,4.005085
metroplex4nDr1nDe0,0.000000,3.017280,1.279290,4.296570
grid4nDr1nDe1,0.468672,1.981991,2.956281,4.938272
grid1nDr0nDe2,1.461153,1.662291,3.519468,5.181759
grid1nDr0nDe3,2.095238,1.600506,3.842030,5.442536
metroplex4nDr1nDe1,1.230576,3.181033,2.224447,5.405480
metroplex3nDr0nDe2,4.832080,1.952203,3.515941,5.468144
metroplex0nDr0nDe2,2.754386,1.601731,4.135701,5.737432
grid2nDr0nDe3,1.095238,1.440525,4.518422,5.958947
grid0nDr0nDe2,0.666667,1.824758,4.783778,6.608536
grid4nDr0nDe2,0.476190,2.254572,4.215823,6.470395
metroplex1nDr0nDe3,3.904762,0.832895,5.740870,6.573765
grid3nDr0nDe3,3.992481,1.099975,5.976894,7.076869
metroplex1nDr0nDe2,2.032581,1.549081,5.418726,6.967807
metroplex5nDr0nDe2,1.761905,1.879999,5.193770,7.073769
metroplex4nDr0nDe1,1.619048,3.250469,4.432800,7.683269
grid0nDr0nDe3,2.182957,2.195731,6.251912,8.447643
grid4nDr0nDe3,1.619048,2.273375,6.195601,8.468976
metroplex5nDr0nDe3,3.889724,3.023505,7.782312,10.805817
grid5nDr0nDe3,2.706767,2.423723,8.876454,11.300177
metroplex2nDr0nDe3,8.398496,1.038029,10.813662,11.851691
metroplex0nDr0nDe3,8.263158,2.307340,11.807148,14.114488
metroplex4nDr0nDe3,2.731533,3.367528,11.261997,14.629525
metroplex4nDr0nDe2,9.170426,3.549298,22.300164,25.849462
