metroplex10nDr0nDe2,30,4.944836,0.458555,0.135925,4,1
metroplex13nDr0nDe1,30,11.055138,0.381034,0.189264,4,2
metroplex14nDr0nDe2,30,5.694236,0.399868,0.101188,4,1
metroplex12nDr0nDe2,30,8.894737,1.786754,0.777779,4,2
metroplex12nDr0nDe1,30,7.842105,1.801076,0.212416,5,1
metroplex12nDr0nDe3,30,11.508772,1.864111,0.197120,5,1
metroplex13nDr0nDe2,30,28.741559,1.914965,1.052921,6,4
metroplex13nDr0nDe3,30,7.674185,2.045405,0.902176,4,2
metroplex0nDr0nDe1,30,3.298246,2.430533,1.733543,4,3
metroplex17nDr0nDe2,30,4.421053,1.153972,0.171871,4,1
metroplex17nDr0nDe3,30,52.478697,1.234728,0.711465,6,4
metroplex14nDr0nDe3,30,9.300752,3.329847,1.512697,4,2
metroplex19nDr0nDe2,30,4.157895,0.301819,0.069637,4,1
metroplex19nDr0nDe3,30,4.220551,0.877016,0.395681,4,2
metroplex17nDr0nDe1,30,2.904762,3.088505,0.365435,4,1
metroplex18nDr0nDe1,30,5.147870,4.103617,4.072889,4,4
metroplex1nDr0nDe1,30,11.250627,2.330999,0.462357,4,1
metroplex1nDr0nDe3,30,10.112782,1.549803,0.679906,4,2
metroplex19nDr0nDe1,30,4.315789,4.715800,2.037850,4,2
metroplex20nDr0nDe1,30,3.310777,0.760803,0.154837,4,1
metroplex0nDr0nDe2,30,9.987469,9.274824,2.430197,6,2
metroplex20nDr0nDe2,30,12.531328,1.474736,0.640961,4,2
metroplex15nDr0nDe2,30,6.982456,11.566392,8.083065,4,3
metroplex11nDr0nDe2,30,30.130326,11.790256,11.746013,6,6
metroplex15nDr0nDe3,30,7.957393,11.491543,8.154267,4,3
metroplex18nDr0nDe3,30,12.428571,8.750560,3.958159,4,2
metroplex11nDr0nDe3,30,32.225564,12.896743,5.938271,6,4
metroplex23nDr0nDe2,30,11.130326,0.329356,0.102031,4,1
metroplex16nDr0nDe1,30,13.496241,13.504231,13.468076,5,5
metroplex22nDr0nDe2,30,4.661654,2.298733,0.971689,4,2
metroplex16nDr0nDe3,30,8.894737,12.662599,12.616404,4,4
metroplex22nDr0nDe3,30,14.957393,2.489199,1.478797,5,3
metroplex22nDr0nDe1,30,4.476190,3.100802,1.310326,4,2
metroplex1nDr0nDe2,30,16.736250,10.003157,8.621706,5,4
metroplex11nDr0nDe1,30,113.949796,16.183240,9.435522,9,6
metroplex15nDr0nDe1,30,8.754386,16.752062,16.694996,4,4
metroplex21nDr0nDe1,30,1.887218,8.749126,3.788149,4,2
metroplex14nDr0nDe1,30,1.631579,18.147761,1.398159,6,1
metroplex26nDr0nDe1,30,2.488722,3.204317,1.344887,4,2
metroplex27nDr0nDe1,30,3.954887,1.950102,0.916853,4,2
metroplex21nDr0nDe3,30,16.754386,12.019036,11.976297,4,4
metroplex27nDr0nDe2,30,6.117794,2.785633,0.793606,6,2
metroplex27nDr0nDe3,30,9.022556,2.201973,0.831830,5,2
metroplex26nDr0nDe2,30,12.974937,6.055985,3.538304,5,3
metroplex18nDr0nDe2,30,16.182957,21.040478,13.356274,5,3
metroplex26nDr0nDe3,30,6.521303,6.979394,3.036921,4,2
metroplex29nDr0nDe1,30,3.090226,1.414431,0.646637,4,2
metroplex29nDr0nDe2,30,4.037594,1.483843,0.241246,4,1
metroplex2nDr0nDe2,30,4.774436,0.861167,0.426851,4,2
metroplex25nDr0nDe2,30,9.150376,11.222312,8.003610,4,3
metroplex25nDr0nDe3,30,10.769424,11.555171,4.977039,4,2
metroplex25nDr0nDe1,30,9.127820,12.305921,2.614927,7,4
metroplex30nDr0nDe1,30,146.451128,0.994997,0.230087,5,2
metroplex30nDr0nDe2,30,7.155388,0.947223,0.143081,4,1
metroplex31nDr0nDe3,30,7.385965,0.319250,0.080132,4,1
metroplex32nDr0nDe1,30,5.576441,0.330198,0.083610,4,1
metroplex31nDr0nDe2,30,13.476190,2.509479,0.934749,5,2
metroplex30nDr0nDe3,30,9.791980,3.180540,0.273097,5,1
metroplex32nDr0nDe3,30,9.541353,1.791121,0.798159,4,2
metroplex28nDr0nDe3,30,13.598997,8.746107,0.617336,9,1
metroplex28nDr0nDe2,30,10.578947,9.561736,6.786415,4,3
metroplex33nDr0nDe3,30,11.849624,1.933423,1.133068,5,3
metroplex0nDr0nDe3,30,13.654135,33.405374,24.949186,5,3
metroplex31nDr0nDe1,30,8.749373,5.728227,0.185746,6,1
metroplex24nDr0nDe1,30,1.822055,19.848216,7.320625,5,2
metroplex24nDr0nDe3,30,11.832080,19.722404,9.678314,4,2
metroplex33nDr0nDe2,30,5.285714,4.410287,0.416621,4,1
metroplex28nDr0nDe1,30,4.829574,13.074421,7.923140,8,5
metroplex21nDr0nDe2,30,16.508772,26.157786,15.178274,4,2
metroplex2nDr0nDe3,30,12.230576,10.881546,9.124825,6,4
metroplex29nDr0nDe3,30,11.443609,13.225411,0.599723,10,1
metroplex24nDr0nDe2,30,7.902256,23.699757,7.852675,5,2
metroplex36nDr0nDe1,30,3.022556,3.355753,2.187471,6,4
metroplex36nDr0nDe3,30,7.864662,4.003214,1.561861,5,2
metroplex33nDr0nDe1,30,1.997494,9.776583,0.812303,6,1
metroplex36nDr0nDe2,30,5.949875,4.592791,2.260286,6,3
metroplex35nDr0nDe1,30,2.659148,10.718712,4.707597,4,2
metroplex38nDr0nDe3,30,14.669173,4.607564,2.187401,4,2
metroplex39nDr0nDe2,30,9.629073,7.363716,0.937246,5,1
metroplex3nDr0nDe2,30,6.674185,3.529715,1.501871,4,2
metroplex3nDr0nDe1,30,106.558897,7.414765,3.919443,7,5
metroplex40nDr0nDe3,30,7.365915,0.494885,0.111847,4,1
metroplex40nDr0nDe1,30,6.736842,1.833281,0.872524,4,2
metroplex3nDr0nDe3,30,279.218045,5.539783,2.757275,5,3
metroplex38nDr0nDe1,30,34.205514,11.968622,9.771938,6,5
metroplex40nDr0nDe2,30,16.458647,3.123517,2.257943,4,3
metroplex42nDr0nDe1,30,14.057644,0.889775,0.407612,7,4
metroplex42nDr0nDe3,30,10.914787,1.284844,0.789264,5,3
metroplex42nDr0nDe2,30,5.513784,2.532414,1.118620,4,2
metroplex43nDr0nDe3,30,6.208020,0.333492,0.081860,4,1
metroplex43nDr0nDe2,30,11.571429,1.704662,0.815927,4,2
metroplex34nDr0nDe1,30,13.105263,23.355194,16.508361,6,4
metroplex44nDr0nDe1,30,9.170426,1.304807,0.786958,5,3
metroplex35nDr0nDe2,30,7.521303,23.118329,7.692293,8,3
metroplex44nDr0nDe3,30,22.097744,3.116184,1.992086,5,3
metroplex44nDr0nDe2,30,3.090226,3.975521,1.554428,5,2
metroplex38nDr0nDe2,30,12.784461,21.500620,8.074058,7,3
metroplex10nDr0nDe3,30,7.711779,60.426091,1.147456,6,1
metroplex43nDr0nDe1,30,54.962406,9.920225,4.948490,6,4
metroplex41nDr0nDe2,30,5.947368,13.165285,9.490031,6,5
metroplex47nDr0nDe2,30,14.403509,1.520984,0.671086,4,2
metroplex47nDr0nDe3,30,11.027569,0.561839,0.115349,4,1
metroplex45nDr0nDe1,30,3.721805,15.163460,8.456070,5,3
metroplex23nDr0nDe1,30,2.802005,58.503331,58.453278,7,7
metroplex48nDr0nDe2,30,5.553885,8.041064,8.005536,4,4
metroplex45nDr0nDe3,30,6.902230,14.252635,7.850101,5,3
metroplex41nDr0nDe3,30,10.155388,24.493197,0.895782,5,1
metroplex45nDr0nDe2,30,10.656642,18.016720,11.522279,6,4
metroplex47nDr0nDe1,30,2.824265,14.566829,5.025591,5,2
metroplex49nDr0nDe1,30,9.160401,7.885066,3.352157,4,2
metroplex48nDr0nDe3,30,7.125313,8.071586,8.036503,4,4
metroplex50nDr0nDe2,30,9.278195,0.431411,0.097737,4,1
metroplex50nDr0nDe1,30,2.729323,0.675139,0.138160,4,1
metroplex48nDr0nDe1,30,9.684211,17.843612,17.798776,4,4
metroplex51nDr0nDe1,30,4.619048,2.557686,1.071908,4,2
metroplex51nDr0nDe2,30,12.586466,2.639519,1.294368,4,2
metroplex51nDr0nDe3,30,15.448622,1.952661,0.951182,4,2
metroplex52nDr0nDe3,30,14.167920,4.468112,2.157137,4,2
metroplex50nDr0nDe3,30,8.982456,11.819309,7.084381,5,3
metroplex4nDr0nDe1,30,3.802005,16.954574,13.180498,5,4
metroplex53nDr0nDe3,30,6.330827,0.297264,0.083545,4,1
metroplex52nDr0nDe2,30,13.829574,12.143223,6.885704,4,2
metroplex49nDr0nDe2,30,4.939850,30.066689,17.357672,7,4
metroplex49nDr0nDe3,30,9.182957,31.310346,15.463125,7,3
metroplex54nDr0nDe1,30,2.426065,19.866565,6.785459,5,2
metroplex4nDr0nDe3,30,12.561404,37.374739,26.730145,9,6
metroplex55nDr0nDe1,30,1.997494,14.910398,6.183785,4,2
metroplex35nDr0nDe3,30,14.307086,86.349619,2.385658,5,1
metroplex56nDr0nDe1,30,4.471177,3.020184,0.366895,4,1
metroplex54nDr0nDe2,30,4.892231,27.191713,22.494334,6,5
metroplex56nDr0nDe2,30,9.784461,5.707941,2.482101,4,2
metroplex57nDr0nDe1,30,9.744361,9.503966,7.476205,5,4
metroplex20nDr0nDe3,30,247.566120,126.628893,94.648684,5,4
metroplex56nDr0nDe3,30,9.441103,13.804430,2.142723,8,2
metroplex34nDr0nDe2,30,21.172931,105.208484,73.095747,4,3
metroplex58nDr0nDe1,30,5.180451,3.031385,1.443436,4,2
metroplex59nDr0nDe1,30,3.809524,4.989888,0.543897,4,1
metroplex58nDr0nDe3,30,6.335840,5.977105,5.953933,6,6
metroplex59nDr0nDe2,30,4.230576,0.599218,0.127427,4,1
metroplex57nDr0nDe3,30,11.330827,10.297612,3.615411,5,2
metroplex37nDr0nDe3,30,16.937343,107.188471,77.034441,4,3
metroplex59nDr0nDe3,30,12.305764,2.146036,1.004430,4,2
metroplex55nDr0nDe3,30,10.862155,35.232319,7.407090,4,1
metroplex57nDr0nDe2,30,12.759398,21.633115,15.594979,7,5
metroplex60nDr0nDe2,30,10.170426,0.400727,0.114671,4,1
metroplex61nDr0nDe1,30,7.892231,0.752047,0.152024,4,1
metroplex61nDr0nDe2,30,11.924812,1.112674,0.532003,4,2
metroplex5nDr0nDe1,30,20.348371,7.326023,2.359089,7,4
metroplex61nDr0nDe3,30,12.629073,0.514422,0.118110,4,1
metroplex23nDr0nDe3,30,12.139759,143.756328,12.937018,5,1
metroplex16nDr0nDe2,30,23.649123,156.893588,93.646664,5,3
metroplex10nDr0nDe1,30,8.609023,158.789845,32.357033,6,2
metroplex62nDr0nDe1,30,5.581454,9.051121,0.619260,5,1
metroplex63nDr0nDe2,30,6.320802,6.104642,3.590343,5,3
metroplex62nDr0nDe3,30,7.200501,9.189462,0.641760,5,1
metroplex63nDr0nDe1,30,18.423559,9.771593,7.392315,7,6
metroplex60nDr0nDe3,30,20.944862,21.587248,21.547405,4,4
metroplex64nDr0nDe3,30,10.230576,3.308910,2.393990,4,3
metroplex64nDr0nDe2,30,5.576441,4.150911,4.118423,4,4
metroplex55nDr0nDe2,30,6.105263,61.775487,11.062689,6,2
metroplex34nDr0nDe3,30,17.583960,143.266478,116.296522,6,4
metroplex37nDr0nDe2,30,8.992481,140.951965,108.322703,5,4
metroplex5nDr0nDe2,30,77.862155,34.693169,13.313487,6,4
metroplex62nDr0nDe2,30,4.814536,28.307950,4.521566,11,3
metroplex66nDr0nDe1,30,6.904736,6.079875,4.642709,7,5
metroplex68nDr0nDe1,30,3.025063,0.413932,0.093446,4,1
metroplex68nDr0nDe2,30,9.195489,0.490023,0.097555,4,1
metroplex65nDr0nDe3,30,12.175439,11.412601,6.405394,5,3
metroplex69nDr0nDe1,30,4.120301,1.031071,0.758285,4,3
metroplex68nDr0nDe3,30,7.929825,1.963771,0.868744,4,2
metroplex69nDr0nDe2,30,13.223058,4.237172,2.972551,6,4
metroplex65nDr0nDe1,30,5.110276,20.221648,10.970917,4,2
metroplex66nDr0nDe3,30,18.268145,14.091555,2.048304,5,1
metroplex6nDr0nDe1,30,3.022556,5.675898,1.872802,5,2
metroplex66nDr0nDe2,30,52.097719,18.095486,14.165671,7,6
metroplex6nDr0nDe2,30,4.070175,5.593093,3.120761,5,3
metroplex70nDr0nDe1,30,2.972431,3.579358,1.516482,4,2
metroplex67nDr0nDe3,30,8.448622,17.611506,5.264037,6,2
metroplex6nDr0nDe3,30,5.385965,6.770271,2.233751,5,2
metroplex70nDr0nDe3,30,10.674185,2.693596,1.189647,4,2
metroplex72nDr0nDe1,30,3.471178,1.546677,0.201711,4,1
metroplex67nDr0nDe2,30,8.215539,21.536326,4.363713,6,2
metroplex72nDr0nDe3,30,11.238095,2.389714,1.043692,4,2
metroplex70nDr0nDe2,30,12.177945,10.286898,4.374734,4,2
metroplex65nDr0nDe2,30,13.972135,35.210042,24.881526,4,3
metroplex72nDr0nDe2,30,10.012531,7.763224,0.439120,6,1
metroplex53nDr0nDe1,30,8.395990,122.362114,103.247737,7,5
metroplex69nDr0nDe3,30,6.676692,33.219986,4.858720,6,2
metroplex73nDr0nDe1,30,3.611529,15.783379,5.238906,5,2
metroplex71nDr0nDe3,30,9.130326,22.338198,16.774468,5,3
metroplex74nDr0nDe1,30,3.265664,11.887440,3.855035,5,2
metroplex75nDr0nDe1,30,3.205514,1.354689,0.552850,5,2
metroplex76nDr0nDe2,30,13.709273,2.913911,1.358741,4,2
metroplex74nDr0nDe2,30,9.010025,11.862225,5.278604,4,2
metroplex77nDr0nDe1,30,3.796992,0.472396,0.109969,4,1
metroplex76nDr0nDe3,30,5.962406,1.257187,0.223226,4,1
metroplex76nDr0nDe1,30,4.105263,4.839321,3.824453,5,4
metroplex77nDr0nDe2,30,6.689223,0.350473,0.086055,4,1
metroplex75nDr0nDe2,30,13.438596,6.407773,3.687603,5,2
metroplex78nDr0nDe3,30,115.338346,1.066464,0.348445,7,4
metroplex77nDr0nDe3,30,15.436090,4.635753,2.086779,4,2
metroplex71nDr0nDe2,30,17.072386,39.964875,24.759255,5,3
metroplex7nDr0nDe1,30,8.050125,0.385336,0.101351,4,1
metroplex7nDr0nDe2,30,6.571429,0.343056,0.084701,4,1
metroplex74nDr0nDe3,30,3.268170,25.278249,18.524230,7,5
metroplex79nDr0nDe1,30,2.313283,15.986645,6.840163,5,2
metroplex78nDr0nDe2,30,8.035088,19.023357,11.917030,5,3
metroplex53nDr0nDe2,30,+Inf,155.752366,+Inf,4,+Inf
metroplex81nDr0nDe1,30,5.696742,0.822000,0.167370,4,1
metroplex81nDr0nDe2,30,8.877193,0.886008,0.424076,4,2
metroplex81nDr0nDe3,30,10.075188,0.874507,0.184340,4,1
metroplex80nDr0nDe1,30,4.077694,12.713625,9.015294,4,3
metroplex79nDr0nDe2,30,10.543860,25.234231,18.308435,6,4
metroplex37nDr0nDe1,30,6.624060,224.579883,219.899909,12,11
metroplex82nDr0nDe1,30,11.002506,10.767885,10.725444,5,5
metroplex80nDr0nDe2,30,6.263158,15.790921,8.641782,5,3
metroplex5nDr0nDe3,30,11.082707,121.806941,94.549175,6,4
metroplex10nDr0nDe2,30,4.944836,0.444407,0.087835,4,1
metroplex14nDr0nDe2,30,5.694236,0.465723,0.078919,4,1
metroplex13nDr0nDe1,30,11.055138,0.519681,0.212214,4,2
metroplex19nDr0nDe2,30,4.157895,0.322635,0.077167,4,1
metroplex23nDr0nDe2,30,11.130326,0.359955,0.092413,4,1
airport13nDr0nDe1,30,1.305764,0.387478,0.081981,4,1
metroplex20nDr0nDe1,30,3.310777,0.949981,0.160540,4,1
airport14nDr0nDe2,30,1.518797,0.622066,0.082396,4,1
metroplex19nDr0nDe3,30,4.220551,0.948539,0.429262,4,2
airport23nDr0nDe2,30,1.466165,0.699981,0.094878,4,1
metroplex17nDr0nDe2,30,4.421053,1.293193,0.171996,4,1
metroplex17nDr0nDe3,30,52.478697,1.448317,0.753204,6,4
grid14nDr0nDe2,30,2.842105,0.456143,0.096114,4,1
airport19nDr0nDe3,30,1.646617,0.405969,0.066327,4,1
airport20nDr0nDe1,30,3.378446,0.560002,0.085437,4,1
metroplex1nDr0nDe3,30,10.112782,1.682795,0.703601,4,2
metroplex12nDr0nDe2,30,8.894737,1.908267,0.832520,4,2
metroplex20nDr0nDe2,30,12.531328,1.739099,0.762996,4,2
metroplex12nDr0nDe3,30,11.508772,2.096142,0.211384,5,1
metroplex12nDr0nDe1,30,7.842105,2.047128,0.211975,5,1
metroplex13nDr0nDe2,30,28.741559,2.166749,1.112025,6,4
airport17nDr0nDe3,30,3.822055,0.467046,0.063572,4,1
grid13nDr0nDe1,30,5.932331,1.231774,1.217809,4,4
metroplex27nDr0nDe1,30,3.954887,2.228981,0.905229,4,2
metroplex13nDr0nDe3,30,7.674185,2.529976,1.000408,4,2
metroplex0nDr0nDe1,30,3.298246,2.755336,1.991021,4,3
metroplex1nDr0nDe1,30,11.250627,2.397288,0.414847,4,1
airport20nDr0nDe2,30,3.568922,0.644711,0.127309,4,1
metroplex27nDr0nDe3,30,9.022556,2.658870,1.034839,5,2
metroplex22nDr0nDe2,30,4.661654,2.716452,1.182577,4,2
airport17nDr0nDe2,30,1.476190,1.442756,0.142544,4,1
grid19nDr0nDe3,30,7.511278,1.477847,0.674937,4,2
grid20nDr0nDe1,30,3.375940,1.381119,0.153303,6,1
metroplex22nDr0nDe3,30,14.957393,3.008029,1.829162,5,3
airport0nDr0nDe1,30,1.075188,0.555654,0.070479,4,1
grid17nDr0nDe3,30,7.912281,1.179786,0.157282,4,1
metroplex27nDr0nDe2,30,6.117794,3.161475,0.863984,6,2
airport27nDr0nDe1,30,1.075188,0.700070,0.084019,4,1
airport1nDr0nDe1,30,0.979950,0.744976,0.086010,4,1
metroplex17nDr0nDe1,30,2.904762,3.420696,0.386208,4,1
metroplex22nDr0nDe1,30,4.476190,3.429600,1.452197,4,2
airport13nDr0nDe2,30,3.832080,1.531054,0.142425,4,1
airport22nDr0nDe2,30,1.581454,0.686607,0.080628,4,1
metroplex14nDr0nDe3,30,9.300752,3.855146,1.715339,4,2
airport17nDr0nDe1,30,1.200501,0.457442,0.089052,4,1
metroplex26nDr0nDe1,30,2.488722,3.960660,1.619584,4,2
grid17nDr0nDe2,30,6.481203,1.174215,0.174119,4,1
airport27nDr0nDe3,30,2.754386,1.368281,0.150696,4,1
metroplex18nDr0nDe1,30,5.147870,4.548370,4.512078,4,4
grid20nDr0nDe2,30,10.180451,1.891958,0.294278,4,1
airport22nDr0nDe3,30,1.593985,1.632893,0.149404,4,1
metroplex29nDr0nDe1,30,3.090226,1.622267,0.670682,4,2
airport22nDr0nDe1,30,1.270677,1.324016,0.127393,4,1
grid13nDr0nDe2,30,6.686717,1.203610,0.171634,4,1
airport18nDr0nDe1,30,1.548872,0.394280,0.086228,4,1
airport12nDr0nDe1,30,0.884712,3.142613,0.270796,4,1
metroplex29nDr0nDe2,30,4.037594,1.932159,0.317150,4,1
airport19nDr0nDe2,30,2.120301,5.073937,0.382183,4,1
grid27nDr0nDe1,30,3.769424,2.259161,1.144376,4,2
airport12nDr0nDe2,30,1.471178,3.809560,0.320640,4,1
metroplex19nDr0nDe1,30,4.315789,5.684110,2.473848,4,2
airport29nDr0nDe1,30,1.295739,0.708982,0.083859,4,1
airport29nDr0nDe2,30,1.223058,0.586595,0.068974,4,1
metroplex2nDr0nDe2,30,4.774436,1.212100,0.545498,4,2
airport1nDr0nDe3,30,2.278195,4.718682,0.345010,4,1
airport12nDr0nDe3,30,2.157895,4.519495,0.305391,4,1
grid22nDr0nDe1,30,3.466165,1.532305,0.736237,4,2
grid29nDr0nDe1,30,2.543860,0.947438,0.137217,4,1
grid22nDr0nDe3,30,4.969925,1.909431,0.825821,4,2
airport10nDr0nDe2,30,1.115288,6.745922,0.480604,4,1
metroplex26nDr0nDe2,30,12.974937,7.069909,4.068623,5,3
airport27nDr0nDe2,30,1.902256,3.774319,0.268641,4,1
grid17nDr0nDe1,30,3.042607,3.358343,0.251874,5,1
grid0nDr0nDe1,30,3.498747,4.314900,0.534662,4,1
airport19nDr0nDe1,30,1.032581,1.781454,0.151452,4,1
metroplex30nDr0nDe1,30,146.451128,1.033420,0.219485,5,2
airport2nDr0nDe1,30,2.017544,3.053980,0.241810,4,1
metroplex30nDr0nDe2,30,7.155388,1.168074,0.165435,4,1
grid12nDr0nDe1,30,3.288221,3.016877,1.322582,4,2
airport30nDr0nDe1,30,0.822055,0.450148,0.109068,4,1
grid29nDr0nDe2,30,5.017544,2.349304,0.315902,4,1
grid18nDr0nDe1,30,4.441103,3.674067,1.365779,4,2
metroplex26nDr0nDe3,30,6.521303,8.903091,4.053112,4,2
metroplex31nDr0nDe3,30,7.385965,0.365070,0.079294,4,1
airport30nDr0nDe2,30,1.393484,0.593336,0.080324,4,1
airport2nDr0nDe2,30,1.972431,2.512984,0.204869,4,1
metroplex32nDr0nDe1,30,5.576441,0.350471,0.081623,4,1
grid12nDr0nDe2,30,9.578947,3.665399,2.529966,4,3
metroplex21nDr0nDe1,30,1.887218,9.849769,4.221954,4,2
airport26nDr0nDe3,30,2.568922,0.583467,0.088845,4,1
airport32nDr0nDe1,30,0.822055,0.493145,0.090438,4,1
airport26nDr0nDe2,30,1.380952,2.676123,0.213223,4,1
airport31nDr0nDe3,30,6.736842,1.267866,0.148911,4,1
airport13nDr0nDe3,30,3.000000,8.080553,0.803591,4,1
metroplex1nDr0nDe2,30,16.736250,10.586105,8.731031,5,4
metroplex18nDr0nDe3,30,12.428571,10.741950,4.810694,4,2
metroplex31nDr0nDe2,30,13.476190,2.780932,1.003862,5,2
metroplex30nDr0nDe3,30,9.791980,3.615454,0.281925,5,1
airport32nDr0nDe2,30,8.932331,1.173204,0.138539,4,1
grid12nDr0nDe3,30,3.020050,4.342681,1.736779,4,2
airport26nDr0nDe1,30,0.964912,6.827410,0.396502,4,1
grid30nDr0nDe1,30,5.611529,2.587613,1.076225,4,2
metroplex0nDr0nDe2,30,9.987469,11.462310,2.839346,6,2
grid27nDr0nDe2,30,6.596491,3.891755,0.386879,4,1
grid2nDr0nDe1,30,2.714286,3.155387,0.210631,6,1
grid23nDr0nDe2,30,3.972431,10.472101,7.740318,7,6
metroplex32nDr0nDe3,30,9.541353,1.967661,0.903478,4,2
airport30nDr0nDe3,30,1.909774,0.827203,0.109524,4,1
airport18nDr0nDe3,30,5.583960,1.031926,0.152930,4,1
airport32nDr0nDe3,30,1.593985,0.388495,0.065142,4,1
grid30nDr0nDe3,30,5.380952,0.412646,0.085361,4,1
grid13nDr0nDe3,30,8.553885,1.721548,0.228630,4,1
grid22nDr0nDe2,30,14.213033,8.885476,0.476887,5,1
metroplex11nDr0nDe2,30,30.130326,13.345814,13.288407,6,6
metroplex25nDr0nDe2,30,9.150376,13.060696,9.300295,4,3
metroplex15nDr0nDe3,30,7.957393,13.485213,9.550918,4,3
metroplex28nDr0nDe2,30,10.578947,11.035995,7.834887,4,3
metroplex15nDr0nDe2,30,6.982456,13.487697,9.437365,4,3
airport31nDr0nDe2,30,1.393484,2.499054,0.234493,4,1
airport1nDr0nDe2,30,1.476190,2.726869,0.234490,4,1
metroplex21nDr0nDe3,30,16.754386,13.805260,13.724289,4,4
grid32nDr0nDe3,30,9.546366,1.409553,0.177026,6,1
metroplex33nDr0nDe3,30,11.849624,2.321944,1.423072,5,3
metroplex25nDr0nDe3,30,10.769424,13.961676,5.828904,4,2
grid30nDr0nDe2,30,2.551378,5.015428,0.276259,8,1
grid26nDr0nDe3,30,5.756892,4.284054,0.413569,4,1
grid32nDr0nDe2,30,4.809522,3.437218,0.442680,4,1
metroplex28nDr0nDe3,30,13.598997,11.142931,0.688654,9,1
metroplex31nDr0nDe1,30,8.749373,6.658329,0.197483,6,1
grid31nDr0nDe2,30,9.676692,0.995403,0.453190,4,2
metroplex16nDr0nDe3,30,8.894737,14.847964,14.785541,4,4
metroplex25nDr0nDe1,30,9.127820,14.727382,3.148304,7,4
airport33nDr0nDe3,30,2.796992,0.800003,0.103789,4,1
grid32nDr0nDe1,30,3.556391,4.957946,0.255322,6,1
metroplex11nDr0nDe3,30,32.225564,15.192154,7.062558,6,4
metroplex16nDr0nDe1,30,13.496241,15.834436,15.766289,5,5
grid10nDr0nDe2,30,5.453634,8.959076,3.573190,4,2
airport14nDr0nDe3,30,2.904762,12.317938,1.131431,4,1
airport0nDr0nDe2,30,1.433584,4.940958,0.310185,4,1
airport11nDr0nDe3,30,1.699248,1.138311,0.136374,4,1
grid26nDr0nDe2,30,3.591479,6.550960,4.423530,4,3
metroplex33nDr0nDe2,30,5.285714,5.515681,0.560969,4,1
grid19nDr0nDe1,30,5.674185,9.307402,0.535280,6,1
airport31nDr0nDe1,30,1.107769,2.602690,0.311967,4,1
airport16nDr0nDe3,30,1.909774,2.413292,0.232636,4,1
metroplex28nDr0nDe1,30,4.829574,15.727567,9.250780,8,5
grid33nDr0nDe3,30,15.250627,2.764225,1.223977,4,2
grid31nDr0nDe1,30,3.942356,0.419575,0.084490,4,1
airport21nDr0nDe1,30,0.476190,7.446939,0.508284,4,1
airport11nDr0nDe2,30,1.032581,4.486591,0.310104,4,1
grid11nDr0nDe3,30,5.964912,1.239938,0.554310,4,2
grid27nDr0nDe3,30,12.741855,13.751030,0.438584,10,1
metroplex36nDr0nDe1,30,3.022556,3.826974,2.415719,6,4
airport28nDr0nDe3,30,3.501253,3.666164,0.289574,4,1
metroplex11nDr0nDe1,30,113.949796,18.972701,11.023075,9,6
grid1nDr0nDe2,30,8.333333,5.392206,2.264530,4,2
metroplex2nDr0nDe3,30,12.230576,13.317198,11.366293,6,4
metroplex15nDr0nDe1,30,8.754386,19.356213,19.293973,4,4
grid31nDr0nDe3,30,7.100251,8.853225,0.462505,7,1
metroplex36nDr0nDe3,30,7.864662,4.750207,2.049297,5,2
grid19nDr0nDe2,30,9.250627,13.802459,0.462444,6,1
airport28nDr0nDe2,30,1.909774,5.980592,0.408878,4,1
airport2nDr0nDe3,30,1.107769,0.346469,0.058566,4,1
metroplex36nDr0nDe2,30,5.949875,5.317391,2.549977,6,3
airport25nDr0nDe3,30,1.015038,5.593836,0.736458,4,1
airport39nDr0nDe3,30,1.739348,0.988230,0.081885,4,1
metroplex29nDr0nDe3,30,11.443609,15.924399,0.789467,10,1
airport36nDr0nDe3,30,2.172932,0.732378,0.070879,4,1
grid2nDr0nDe2,30,17.438596,11.324492,0.480779,8,1
metroplex14nDr0nDe1,30,1.631579,20.734907,1.642246,6,1
airport29nDr0nDe3,30,1.699248,0.588870,0.069220,4,1
airport33nDr0nDe2,30,1.889724,4.157331,0.302510,4,1
airport25nDr0nDe1,30,17.419679,6.237571,6.211744,4,4
airport16nDr0nDe1,30,0.285714,5.630568,0.617340,4,1
airport15nDr0nDe3,30,1.761905,8.391251,0.857753,4,1
airport21nDr0nDe3,30,1.428571,8.105105,0.572037,4,1
airport36nDr0nDe2,30,1.508772,2.117010,0.192628,4,1
airport39nDr0nDe1,30,2.035088,3.793332,0.308924,4,1
airport36nDr0nDe1,30,3.939850,3.935406,0.291814,4,1
airport25nDr0nDe2,30,6.780581,9.032005,4.057144,4,2
metroplex24nDr0nDe1,30,1.822055,22.421620,8.276656,5,2
airport15nDr0nDe2,30,1.476190,8.822598,1.100322,4,1
metroplex33nDr0nDe1,30,1.997494,11.262198,0.912074,6,1
grid0nDr0nDe2,30,2.982456,6.194681,0.667434,4,1
metroplex40nDr0nDe1,30,6.736842,2.067127,0.975925,4,2
metroplex38nDr0nDe3,30,14.669173,5.297112,2.527133,4,2
grid36nDr0nDe1,30,5.639098,0.927526,0.416908,4,2
metroplex24nDr0nDe3,30,11.832080,23.535725,11.335664,4,2
airport40nDr0nDe1,30,1.370927,0.603705,0.085149,4,1
airport11nDr0nDe1,30,1.295739,4.716965,0.351096,4,1
airport28nDr0nDe1,30,8.949875,6.046693,0.462091,4,1
metroplex3nDr0nDe2,30,6.674185,4.203416,1.758806,4,2
grid2nDr0nDe3,30,10.355890,4.423073,0.506005,4,1
metroplex40nDr0nDe3,30,7.365915,0.556544,0.116131,4,1
grid39nDr0nDe1,30,4.060150,2.028794,0.250587,4,1
airport38nDr0nDe3,30,1.646617,1.016090,0.154653,4,1
grid1nDr0nDe1,30,9.245614,21.242108,0.479344,10,1
metroplex18nDr0nDe2,30,16.182957,24.717338,15.510609,5,3
grid36nDr0nDe3,30,6.994987,4.238794,3.037279,4,3
airport33nDr0nDe1,30,1.443609,2.280524,0.221765,4,1
metroplex35nDr0nDe1,30,2.659148,12.882369,5.650208,4,2
grid38nDr0nDe3,30,5.624060,1.012713,0.163839,4,1
airport40nDr0nDe3,30,1.631579,1.368012,0.147537,4,1
grid36nDr0nDe2,30,7.355890,3.746007,0.434462,4,1
grid39nDr0nDe3,30,8.243108,6.102741,0.461723,5,1
metroplex3nDr0nDe3,30,279.218045,6.327834,3.181681,5,3
grid33nDr0nDe1,30,3.255639,0.931258,0.181871,4,1
metroplex42nDr0nDe1,30,14.057644,1.339698,0.607280,7,4
grid33nDr0nDe2,30,5.654135,5.053762,2.087779,4,2
metroplex40nDr0nDe2,30,16.458647,3.516718,2.543724,4,3
grid18nDr0nDe3,30,9.007519,14.579954,0.860233,5,1
metroplex39nDr0nDe2,30,9.629073,8.720564,1.054483,5,1
grid40nDr0nDe1,30,10.310777,3.400962,0.262523,7,1
metroplex24nDr0nDe2,30,7.902256,27.086976,8.853854,5,2
airport15nDr0nDe1,30,0.476190,7.751925,0.574603,4,1
metroplex43nDr0nDe3,30,6.208020,0.413215,0.119990,4,1
airport42nDr0nDe1,30,0.937343,1.431231,0.169238,4,1
metroplex42nDr0nDe3,30,10.914787,1.730757,1.135820,5,3
metroplex3nDr0nDe1,30,106.558897,8.784899,4.692641,7,5
airport41nDr0nDe1,30,0.619048,2.660223,0.340281,4,1
airport3nDr0nDe2,30,2.092732,4.163681,0.320817,4,1
airport40nDr0nDe2,30,1.791980,1.655362,0.230968,4,1
metroplex43nDr0nDe2,30,11.571429,1.956640,0.911851,4,2
grid28nDr0nDe2,30,4.588972,8.870947,6.243789,4,3
metroplex44nDr0nDe1,30,9.170426,1.486649,0.885823,5,3
airport42nDr0nDe3,30,1.804511,0.467692,0.066788,4,1
metroplex42nDr0nDe2,30,5.513784,3.090598,1.382105,4,2
grid21nDr0nDe3,30,7.516291,6.726215,4.701075,4,3
airport44nDr0nDe1,30,1.443609,0.380800,0.085935,4,1
airport3nDr0nDe1,30,1.508772,0.857924,0.102295,4,1
grid42nDr0nDe1,30,5.002506,1.899666,0.241370,4,1
grid3nDr0nDe1,30,4.593985,0.550414,0.103758,4,1
grid26nDr0nDe1,30,3.556391,18.817565,0.306475,8,1
airport43nDr0nDe3,30,2.330827,2.595477,0.207682,4,1
airport42nDr0nDe2,30,1.774436,0.936279,0.135694,4,1
airport24nDr0nDe1,30,0.571429,7.548954,0.634572,4,1
airport18nDr0nDe2,30,1.634085,5.391893,0.397968,4,1
metroplex21nDr0nDe2,30,16.508772,30.579790,17.660737,4,2
grid3nDr0nDe2,30,5.147870,2.244757,0.336691,4,1
airport24nDr0nDe3,30,1.619048,7.547305,0.605881,4,1
grid11nDr0nDe1,30,2.832080,7.741335,0.336603,8,1
metroplex38nDr0nDe1,30,34.205514,14.514798,11.628700,6,5
airport39nDr0nDe2,30,2.375940,5.062636,0.376369,4,1
metroplex44nDr0nDe2,30,3.090226,4.905694,1.865868,5,2
grid44nDr0nDe1,30,2.245614,3.108861,0.216940,6,1
airport43nDr0nDe2,30,2.235589,3.646758,0.262407,4,1
metroplex44nDr0nDe3,30,22.097744,3.844636,2.535890,5,3
airport3nDr0nDe3,30,1.428571,6.701792,0.534649,4,1
airport44nDr0nDe2,30,1.393484,0.833088,0.133496,4,1
grid40nDr0nDe2,30,9.854637,4.951964,0.453781,5,1
grid43nDr0nDe3,30,12.609023,3.355947,0.379547,4,1
airport14nDr0nDe1,30,1.761905,12.759925,1.060715,4,1
grid42nDr0nDe2,30,9.491228,3.255920,2.310669,4,3
airport35nDr0nDe1,30,0.854637,7.899092,0.539313,4,1
metroplex47nDr0nDe3,30,11.027569,0.584914,0.140705,4,1
grid28nDr0nDe1,30,6.100251,11.273839,1.008682,5,1
airport44nDr0nDe3,30,2.067669,2.140474,0.234509,4,1
airport24nDr0nDe2,30,1.047619,7.977993,0.752488,4,1
metroplex47nDr0nDe2,30,14.403509,1.940227,0.981627,4,2
airport38nDr0nDe1,30,1.411028,3.778799,0.277971,4,1
grid42nDr0nDe3,30,5.741855,7.112504,5.036228,4,3
grid16nDr0nDe1,30,2.145363,14.459249,0.923178,5,1
grid39nDr0nDe2,30,7.624060,4.363536,0.538702,4,1
grid43nDr0nDe2,30,11.892231,4.314751,4.265735,4,4
grid3nDr0nDe3,30,23.842105,3.925661,0.723763,4,1
grid15nDr0nDe2,30,5.463659,14.696323,2.606546,4,1
metroplex43nDr0nDe1,30,54.962406,11.545731,5.929171,6,4
airport46nDr0nDe2,30,9.526316,7.270320,5.272820,4,3
airport21nDr0nDe2,30,1.238095,7.968944,0.637442,4,1
grid44nDr0nDe2,30,11.992481,5.521279,5.483226,4,4
metroplex34nDr0nDe1,30,13.105263,27.513322,19.461531,6,4
metroplex0nDr0nDe3,30,13.654135,39.805786,29.469747,5,3
grid40nDr0nDe3,30,18.769424,13.800967,0.583696,9,1
airport43nDr0nDe1,30,0.874687,1.274438,0.134071,4,1
metroplex41nDr0nDe2,30,5.947368,15.415160,11.083540,6,5
grid25nDr0nDe3,30,4.278195,20.140750,1.793424,5,1
grid25nDr0nDe1,30,3.566416,18.897925,1.826221,5,1
metroplex50nDr0nDe1,30,2.729323,0.744432,0.145369,4,1
metroplex35nDr0nDe2,30,7.521303,28.179380,9.566485,8,3
metroplex50nDr0nDe2,30,9.278195,0.458530,0.099386,4,1
grid38nDr0nDe1,30,6.473684,5.394558,0.688421,4,1
grid28nDr0nDe3,30,11.235589,22.798413,1.590793,5,1
airport50nDr0nDe2,30,1.328321,0.657624,0.081284,4,1
grid50nDr0nDe2,30,4.441103,0.542526,0.104615,4,1
grid15nDr0nDe3,30,4.385965,20.258756,1.697324,5,1
airport47nDr0nDe3,30,2.047619,8.201753,0.793294,4,1
grid24nDr0nDe1,30,0.621554,12.355439,1.211591,4,1
metroplex38nDr0nDe2,30,12.784461,25.636495,9.495495,7,3
airport47nDr0nDe2,30,0.676692,7.367540,0.457418,4,1
airport41nDr0nDe2,30,0.476190,2.745352,0.300435,4,1
grid47nDr0nDe3,30,4.172932,0.442206,0.088585,4,1
grid14nDr0nDe1,30,1.478697,9.740164,6.974194,4,3
grid35nDr0nDe1,30,1.127820,10.044005,1.090831,4,1
grid44nDr0nDe3,30,4.558897,8.935789,0.519067,6,1
metroplex51nDr0nDe2,30,12.586466,3.187674,1.622098,4,2
metroplex51nDr0nDe3,30,15.448622,2.289429,1.103025,4,2
metroplex51nDr0nDe1,30,4.619048,3.340634,1.325152,4,2
metroplex53nDr0nDe3,30,6.330827,0.346123,0.085612,4,1
metroplex48nDr0nDe2,30,5.553885,9.612294,9.557261,4,4
airport38nDr0nDe2,30,1.523810,2.265037,0.234282,4,1
metroplex48nDr0nDe3,30,7.125313,9.308008,9.257474,4,4
airport51nDr0nDe3,30,3.912281,0.488809,0.111697,4,1
airport51nDr0nDe1,30,1.147870,0.529710,0.112765,4,1
grid46nDr0nDe2,30,6.934837,6.979729,0.543263,5,1
grid43nDr0nDe1,30,3.746867,6.190368,2.526483,4,2
metroplex49nDr0nDe1,30,9.160401,9.313199,3.949763,4,2
grid18nDr0nDe2,30,8.190476,15.692663,0.564742,8,1
airport48nDr0nDe3,30,1.699248,0.571550,0.072915,4,1
airport51nDr0nDe2,30,8.067669,1.431054,0.229757,4,1
grid51nDr0nDe1,30,5.764411,0.697845,0.126124,4,1
airport34nDr0nDe1,30,0.686717,7.290704,0.496130,4,1
airport52nDr0nDe1,30,0.726817,0.895039,0.118132,4,1
airport0nDr0nDe3,30,1.300752,7.188201,0.517734,4,1
grid11nDr0nDe2,30,8.899749,29.020021,0.600173,12,1
grid41nDr0nDe1,30,2.969925,18.549093,0.750717,6,1
metroplex45nDr0nDe1,30,3.721805,17.661944,9.816088,5,3
grid29nDr0nDe3,30,4.125313,26.902313,1.508502,7,1
metroplex45nDr0nDe3,30,6.902230,17.983171,9.626779,5,3
grid24nDr0nDe2,30,0.924812,12.747615,1.367042,4,1
airport50nDr0nDe1,30,1.781955,7.850211,0.565747,4,1
grid21nDr0nDe2,30,9.436090,9.797325,3.916557,4,2
metroplex52nDr0nDe3,30,14.167920,5.270074,2.518828,4,2
grid51nDr0nDe3,30,11.593985,3.944196,2.691370,4,3
airport35nDr0nDe2,30,1.142857,9.029863,0.688652,4,1
metroplex47nDr0nDe1,30,2.824265,17.781534,6.363876,5,2
grid52nDr0nDe1,30,2.443609,4.800569,0.423006,4,1
metroplex45nDr0nDe2,30,10.656642,21.843150,13.973211,6,4
metroplex56nDr0nDe1,30,4.471177,3.724541,0.431088,4,1
airport48nDr0nDe2,30,2.596491,6.753803,0.507845,4,1
airport49nDr0nDe1,30,1.333333,6.432676,0.579369,4,1
airport52nDr0nDe3,30,2.646617,3.722094,0.319962,4,1
airport45nDr0nDe1,30,0.200501,5.986895,0.447500,4,1
airport53nDr0nDe3,30,2.571429,8.229160,0.630784,4,1
airport45nDr0nDe3,30,0.962406,5.435770,0.473736,4,1
airport47nDr0nDe1,30,0.937343,3.049902,0.308210,4,1
airport56nDr0nDe1,30,1.716792,1.519982,0.183357,4,1
metroplex41nDr0nDe3,30,10.155388,29.306017,1.240162,5,1
grid53nDr0nDe3,30,3.092732,0.550763,0.119468,4,1
metroplex50nDr0nDe3,30,8.982456,13.757369,8.017532,5,3
metroplex48nDr0nDe1,30,9.684211,20.773516,20.708545,4,4
metroplex56nDr0nDe2,30,9.784461,6.850823,2.903104,4,2
grid56nDr0nDe1,30,15.260652,1.571688,0.823700,4,2
airport50nDr0nDe3,30,1.804511,0.737108,0.091060,4,1
grid0nDr0nDe3,30,6.408521,8.888218,1.167220,4,1
airport41nDr0nDe3,30,1.962406,1.841339,0.186003,4,1
grid52nDr0nDe3,30,3.453634,4.125761,1.587072,4,2
airport56nDr0nDe2,30,1.433584,1.448792,0.157927,4,1
metroplex52nDr0nDe2,30,13.829574,14.573912,8.299976,4,2
metroplex4nDr0nDe1,30,3.802005,20.277619,15.606063,5,4
airport45nDr0nDe2,30,0.719298,5.974703,0.581132,4,1
airport52nDr0nDe2,30,1.365915,0.565561,0.099911,4,1
metroplex58nDr0nDe1,30,5.180451,3.567199,1.756397,4,2
airport58nDr0nDe1,30,0.726817,0.448070,0.079550,4,1
grid47nDr0nDe1,30,3.877193,6.557897,0.381134,5,1
grid34nDr0nDe1,30,12.190476,13.916809,6.220833,4,2
metroplex57nDr0nDe1,30,9.744361,11.168709,8.775486,5,4
airport48nDr0nDe1,30,1.952381,6.213390,0.418302,4,1
metroplex59nDr0nDe2,30,4.230576,0.696731,0.132661,4,1
grid58nDr0nDe1,30,3.110276,2.158919,0.961126,4,2
grid48nDr0nDe2,30,9.789474,10.792636,4.325630,4,2
metroplex55nDr0nDe1,30,1.997494,17.722782,7.239846,4,2
grid49nDr0nDe1,30,0.817043,11.757319,4.704765,4,2
airport4nDr0nDe1,30,0.190476,6.613755,0.612772,4,1
metroplex58nDr0nDe3,30,6.335840,7.500189,7.469837,6,6
metroplex59nDr0nDe3,30,12.305764,2.495452,1.174717,4,2
airport58nDr0nDe3,30,1.614035,1.037941,0.139551,4,1
metroplex56nDr0nDe3,30,9.441103,16.825971,2.701191,8,2
airport59nDr0nDe3,30,1.751880,1.216168,0.156837,4,1
metroplex57nDr0nDe3,30,11.330827,11.964885,4.160502,5,2
airport59nDr0nDe2,30,1.676692,4.373056,0.433567,4,1
grid50nDr0nDe3,30,15.355890,10.805967,1.181676,4,1
grid52nDr0nDe2,30,3.015038,8.115915,0.477861,6,1
metroplex59nDr0nDe1,30,3.809524,5.818865,0.613229,4,1
airport56nDr0nDe3,30,2.681704,0.738595,0.097160,4,1
grid59nDr0nDe2,30,11.571429,0.921845,0.167420,4,1
airport57nDr0nDe1,30,2.383459,6.285664,0.432606,4,1
metroplex60nDr0nDe2,30,10.170426,0.467939,0.088873,4,1
airport57nDr0nDe3,30,6.614035,1.686390,0.170290,4,1
airport55nDr0nDe1,30,1.754386,3.775408,0.347155,4,1
grid59nDr0nDe3,30,12.205514,2.767059,0.340974,4,1
airport59nDr0nDe1,30,1.491228,2.430079,0.223241,4,1
grid57nDr0nDe3,30,12.744361,1.232973,0.594335,4,2
grid58nDr0nDe3,30,10.714286,3.530673,2.530053,4,3
grid4nDr0nDe1,30,5.583960,4.966258,2.141808,4,2
grid47nDr0nDe2,30,6.145363,26.847667,1.185428,7,1
grid56nDr0nDe3,30,7.401003,3.135954,2.232834,4,3
metroplex54nDr0nDe1,30,2.426065,24.338186,8.331318,5,2
grid48nDr0nDe1,30,6.511278,9.217807,3.606996,4,2
metroplex23nDr0nDe1,30,2.739348,70.775183,59.146866,8,5
metroplex61nDr0nDe3,30,12.629073,0.512641,0.110500,4,1
metroplex61nDr0nDe1,30,7.892231,0.903475,0.167373,4,1
airport61nDr0nDe3,30,1.107769,0.336797,0.061181,4,1
metroplex61nDr0nDe2,30,11.924812,1.359753,0.669606,4,2
grid61nDr0nDe3,30,6.406015,0.585513,0.096778,4,1
metroplex5nDr0nDe1,30,20.348371,8.537410,2.751043,7,4
airport61nDr0nDe1,30,1.190476,1.223628,0.136612,4,1
metroplex49nDr0nDe2,30,4.939850,35.529773,20.315730,7,4
airport61nDr0nDe2,30,0.927318,1.000562,0.118314,4,1
grid45nDr0nDe2,30,2.674185,14.342370,1.620973,4,1
metroplex10nDr0nDe3,30,7.711779,74.056262,1.312606,6,1
airport5nDr0nDe1,30,1.203008,1.654903,0.154954,4,1
grid61nDr0nDe2,30,3.310777,1.587372,0.151058,5,1
grid59nDr0nDe1,30,3.556391,4.655194,0.437416,4,1
metroplex49nDr0nDe3,30,9.182957,37.365194,18.791001,7,3
grid61nDr0nDe1,30,5.090226,2.489182,0.190622,5,1
airport60nDr0nDe2,30,1.949875,6.549133,0.439626,4,1
airport23nDr0nDe1,30,1.476190,4.525751,0.414741,4,1
grid35nDr0nDe2,30,4.092732,26.471479,4.039051,7,2
airport54nDr0nDe1,30,0.952381,6.256628,0.655816,4,1
grid45nDr0nDe3,30,6.834586,23.578865,1.431010,5,1
metroplex57nDr0nDe2,30,12.759398,25.553536,18.593056,7,5
metroplex54nDr0nDe2,30,4.892231,32.618954,26.864300,6,5
airport10nDr0nDe3,30,2.573935,5.759740,0.506797,4,1
grid41nDr0nDe2,30,11.769424,36.660593,1.640579,6,1
metroplex64nDr0nDe2,30,5.576441,5.003401,4.967489,4,4
airport49nDr0nDe2,30,1.904762,7.665123,1.000448,4,1
grid10nDr0nDe3,30,3.922306,0.610686,0.138468,4,1
metroplex63nDr0nDe2,30,6.320802,7.592782,4.549304,5,3
metroplex64nDr0nDe3,30,10.230576,3.931772,2.865287,4,3
airport49nDr0nDe3,30,2.380952,6.620443,0.611866,4,1
grid60nDr0nDe2,30,4.929825,6.664472,0.530091,5,1
grid38nDr0nDe2,30,3.380952,36.178113,0.501234,6,1
metroplex62nDr0nDe3,30,7.200501,11.471200,0.762743,5,1
airport64nDr0nDe3,30,1.979950,1.350452,0.183964,4,1
metroplex4nDr0nDe3,30,12.561404,43.904982,31.550348,9,6
airport63nDr0nDe2,30,1.781955,2.032799,0.195192,4,1
airport64nDr0nDe2,30,1.498747,3.081435,0.293556,4,1
metroplex62nDr0nDe1,30,5.581454,13.316422,0.802086,5,1
metroplex63nDr0nDe1,30,18.423559,12.192642,9.099811,7,6
airport57nDr0nDe2,30,2.669173,6.724004,0.444361,4,1
grid23nDr0nDe1,30,3.864662,9.205686,0.915758,4,1
airport54nDr0nDe2,30,0.761905,5.763509,0.550026,4,1
airport62nDr0nDe1,30,0.726817,1.172983,0.148601,4,1
airport63nDr0nDe1,30,1.175439,1.107716,0.146084,4,1
grid64nDr0nDe2,30,5.536341,3.316056,0.327501,4,1
grid62nDr0nDe1,30,12.280702,1.492337,0.642514,4,2
grid63nDr0nDe1,30,8.165414,1.443223,0.208495,4,1
airport62nDr0nDe3,30,2.932331,6.001908,0.442219,4,1
grid63nDr0nDe2,30,5.115288,5.538515,2.333921,4,2
grid57nDr0nDe1,30,3.854637,21.371455,0.357818,9,1
metroplex66nDr0nDe1,30,6.904736,7.475411,5.645656,7,5
grid64nDr0nDe3,30,6.258145,6.607911,4.761838,4,3
metroplex68nDr0nDe1,30,3.025063,0.446045,0.092972,4,1
metroplex68nDr0nDe2,30,9.195489,0.592900,0.113433,4,1
airport4nDr0nDe3,30,0.914787,6.837413,0.512876,4,1
airport68nDr0nDe1,30,3.546366,0.738994,0.104434,4,1
airport68nDr0nDe2,30,1.275689,0.464997,0.064144,4,1
airport66nDr0nDe1,30,1.654135,1.168271,0.134303,4,1
metroplex55nDr0nDe3,30,10.862155,43.618773,9.502105,4,1
grid68nDr0nDe1,30,4.927318,0.545698,0.095814,4,1
grid57nDr0nDe2,30,9.944862,7.130212,3.333894,4,2
grid66nDr0nDe1,30,3.077694,1.551673,0.214990,4,1
metroplex68nDr0nDe3,30,7.929825,2.522168,1.042400,4,2
metroplex69nDr0nDe1,30,4.120301,1.575902,1.129718,4,3
airport68nDr0nDe3,30,1.751880,0.376634,0.088441,4,1
grid68nDr0nDe2,30,9.624060,2.311354,1.079003,4,2
grid68nDr0nDe3,30,12.225564,0.845060,0.144815,4,1
airport69nDr0nDe1,30,3.203008,0.854705,0.076621,4,1
metroplex65nDr0nDe3,30,12.175439,13.542636,7.634666,5,3
grid62nDr0nDe3,30,4.383459,5.614008,0.530959,5,1
metroplex60nDr0nDe3,30,20.944862,25.410966,25.366445,4,4
grid69nDr0nDe1,30,3.022556,1.116113,0.150073,4,1
airport67nDr0nDe1,30,1.809524,6.960411,0.720653,4,1
airport55nDr0nDe3,30,1.285714,5.086414,0.477873,4,1
metroplex65nDr0nDe1,30,5.110276,18.539904,7.607158,4,2
metroplex69nDr0nDe2,30,13.223058,4.946005,3.490009,6,4
grid55nDr0nDe1,30,1.343358,28.961429,1.505739,7,1
airport69nDr0nDe2,30,1.604010,0.689627,0.092436,4,1
grid54nDr0nDe2,30,7.869674,13.515957,1.096357,5,1
grid54nDr0nDe1,30,7.686717,21.639414,5.031775,7,2
grid5nDr0nDe1,30,3.035088,26.031352,1.445919,9,2
metroplex70nDr0nDe1,30,2.972431,4.751642,1.775680,4,2
metroplex6nDr0nDe1,30,3.022556,6.860639,2.136318,5,2
metroplex6nDr0nDe2,30,4.070175,6.564907,3.712059,5,3
metroplex66nDr0nDe3,30,18.268145,16.926709,2.443414,5,1
metroplex70nDr0nDe3,30,10.674185,3.283281,1.346568,4,2
grid69nDr0nDe2,30,4.210526,4.334361,0.279562,7,1
metroplex6nDr0nDe3,30,5.385965,8.009823,2.860771,5,2
airport60nDr0nDe3,30,0.781955,7.950841,0.845780,4,1
metroplex66nDr0nDe2,30,52.097719,21.173576,16.512965,7,6
airport66nDr0nDe3,30,2.558897,0.961472,0.122883,4,1
airport6nDr0nDe2,30,2.100251,2.783104,0.217413,4,1
grid60nDr0nDe3,30,3.248120,0.482664,0.094964,4,1
airport66nDr0nDe2,30,2.082707,0.987998,0.148069,4,1
metroplex62nDr0nDe2,30,4.814536,33.992485,5.462410,11,3
airport65nDr0nDe3,30,2.428571,10.662457,0.806177,4,1
airport62nDr0nDe2,30,1.528822,0.703028,0.119219,4,1
grid49nDr0nDe3,30,2.516291,24.019226,10.869041,6,3
metroplex72nDr0nDe1,30,3.471178,1.846355,0.235407,4,1
grid67nDr0nDe1,30,13.676692,11.059060,4.486231,4,2
grid15nDr0nDe1,30,4.360902,79.295006,2.035725,9,1
airport65nDr0nDe1,30,0.952381,9.833241,0.765201,4,1
airport72nDr0nDe1,30,0.832080,1.264252,0.149883,4,1
grid66nDr0nDe3,30,10.513784,4.055246,1.742441,4,2
metroplex5nDr0nDe2,30,77.862155,42.477982,16.805002,6,4
airport70nDr0nDe1,30,0.779449,8.017221,0.461552,4,1
grid72nDr0nDe1,30,6.837093,1.141324,0.336835,5,2
metroplex67nDr0nDe3,30,8.448622,21.667575,6.150034,6,2
metroplex72nDr0nDe3,30,11.238095,2.773178,1.204446,4,2
airport5nDr0nDe2,30,1.854637,2.357177,0.197683,4,1
metroplex70nDr0nDe2,30,12.177945,12.297597,5.300246,4,2
airport6nDr0nDe1,30,0.982456,10.211661,0.664722,4,1
grid66nDr0nDe2,30,8.493734,7.356272,0.594750,6,1
grid65nDr0nDe1,30,13.979950,5.403305,5.370891,4,4
grid62nDr0nDe2,30,3.992481,6.988634,0.591118,5,1
grid5nDr0nDe2,30,4.283208,2.661661,1.030038,4,2
airport6nDr0nDe3,30,1.629073,10.306152,0.739569,4,1
airport70nDr0nDe3,30,1.428571,10.863485,0.810439,4,1
metroplex67nDr0nDe2,30,8.215539,26.629854,5.239264,6,2
metroplex75nDr0nDe1,30,3.205514,1.518298,0.611070,5,2
airport70nDr0nDe2,30,1.824561,4.265608,0.317043,4,1
metroplex72nDr0nDe2,30,10.012531,9.175978,0.598800,6,1
airport72nDr0nDe3,30,1.619048,5.771125,0.509283,4,1
airport67nDr0nDe3,30,1.904762,6.282970,0.527018,4,1
grid70nDr0nDe1,30,7.621554,7.737728,3.221195,4,2
metroplex35nDr0nDe3,30,14.307086,104.168066,2.860874,5,1
airport72nDr0nDe2,30,1.223058,2.721678,0.205665,4,1
airport75nDr0nDe1,30,2.017544,3.704323,0.310093,4,1
grid6nDr0nDe1,30,2.175439,8.396137,0.432427,6,1
airport35nDr0nDe3,30,2.067669,1.143855,0.150358,4,1
grid65nDr0nDe3,30,5.050125,14.739369,6.394673,4,2
airport67nDr0nDe2,30,1.639098,6.226798,0.568536,4,1
metroplex34nDr0nDe2,30,21.172931,108.408327,75.983869,4,3
grid75nDr0nDe1,30,2.859649,2.289013,0.307845,4,1
grid72nDr0nDe3,30,2.756892,5.415272,0.584950,4,1
grid6nDr0nDe2,30,2.879699,17.582359,0.491022,9,1
airport75nDr0nDe3,30,2.100251,1.018043,0.146803,4,1
metroplex65nDr0nDe2,30,13.972135,41.759421,29.469693,4,3
metroplex77nDr0nDe1,30,3.796992,0.547645,0.114613,4,1
metroplex55nDr0nDe2,30,6.105263,75.618793,13.159374,6,2
metroplex76nDr0nDe3,30,5.962406,1.412273,0.255620,4,1
airport77nDr0nDe1,30,0.822055,0.595177,0.085125,4,1
airport65nDr0nDe2,30,1.571429,0.569836,0.091908,4,1
grid70nDr0nDe3,30,6.438596,9.496011,9.449664,4,4
grid77nDr0nDe1,30,2.676692,0.686886,0.128626,4,1
metroplex77nDr0nDe2,30,6.689223,0.385642,0.111591,4,1
grid70nDr0nDe2,30,2.834586,8.772310,0.821427,4,1
airport76nDr0nDe3,30,1.488722,1.271159,0.134126,4,1
grid6nDr0nDe3,30,6.355890,10.843270,0.785857,5,1
metroplex75nDr0nDe2,30,13.438596,7.856370,4.400615,5,2
metroplex76nDr0nDe2,30,13.709273,3.616392,1.722854,4,2
grid76nDr0nDe3,30,11.513784,0.729250,0.331671,4,2
airport77nDr0nDe2,30,1.561404,1.187933,0.142076,4,1
metroplex73nDr0nDe1,30,3.611529,18.669512,6.028455,5,2
airport76nDr0nDe2,30,1.518797,0.743937,0.129790,4,1
metroplex74nDr0nDe1,30,3.265664,13.787957,4.493504,5,2
airport75nDr0nDe2,30,1.433584,1.231417,0.127909,4,1
metroplex78nDr0nDe3,30,115.338346,0.979524,0.371545,7,4
metroplex74nDr0nDe2,30,9.010025,13.812303,6.057375,4,2
grid76nDr0nDe2,30,8.849624,0.542430,0.098425,4,1
airport34nDr0nDe2,30,1.591479,5.853155,0.398441,4,1
metroplex76nDr0nDe1,30,4.105263,6.106639,4.757872,5,4
airport76nDr0nDe1,30,1.233083,0.733806,0.126524,4,1
metroplex20nDr0nDe3,30,247.566120,127.991783,95.424196,5,4
airport55nDr0nDe2,30,11.413534,5.769844,5.755763,4,4
metroplex77nDr0nDe3,30,15.436090,5.533398,2.569059,4,2
grid75nDr0nDe2,30,9.350877,5.080111,0.608023,4,1
grid76nDr0nDe1,30,2.869674,3.792800,1.584100,4,2
grid77nDr0nDe2,30,5.791980,6.375321,0.508791,5,1
metroplex71nDr0nDe3,30,9.130326,28.684735,21.808232,5,3
airport77nDr0nDe3,30,1.962406,2.342434,0.216359,4,1
metroplex7nDr0nDe1,30,8.050125,0.410722,0.104786,4,1
grid77nDr0nDe3,30,9.167920,0.560991,0.096564,4,1
airport74nDr0nDe1,30,0.476190,6.551983,0.514657,4,1
airport73nDr0nDe1,30,0.385965,6.798805,0.634390,4,1
metroplex69nDr0nDe3,30,6.676692,40.264813,5.931877,6,2
airport7nDr0nDe1,30,0.726817,0.410008,0.062086,4,1
grid1nDr0nDe3,30,4.305764,126.627253,0.423209,6,1
metroplex7nDr0nDe2,30,6.571429,0.394065,0.085884,4,1
airport78nDr0nDe3,30,1.105263,7.106604,0.553142,4,1
airport74nDr0nDe2,30,1.390977,7.177106,0.578506,4,1
airport7nDr0nDe2,30,1.203008,0.669738,0.086358,4,1
grid7nDr0nDe1,30,8.157895,1.781961,0.294968,4,1
airport71nDr0nDe3,30,2.714286,2.708825,0.377732,4,1
airport20nDr0nDe3,30,2.285714,6.946506,0.588293,4,1
grid7nDr0nDe2,30,10.644110,1.500024,0.718306,4,2
grid67nDr0nDe2,30,6.330827,15.390605,1.125685,5,1
metroplex37nDr0nDe3,30,16.937343,120.672799,86.014006,4,3
airport69nDr0nDe3,30,0.962406,5.420481,0.509122,4,1
grid20nDr0nDe3,30,14.721805,3.876856,0.264115,7,1
grid34nDr0nDe2,30,3.047619,13.032665,0.909111,5,1
airport37nDr0nDe3,30,1.699248,2.925116,0.235355,4,1
metroplex81nDr0nDe1,30,5.696742,1.099054,0.179928,4,1
grid72nDr0nDe2,30,8.463659,22.715335,2.254585,7,2
metroplex81nDr0nDe2,30,8.877193,1.098282,0.457266,4,2
metroplex81nDr0nDe3,30,10.075188,1.008830,0.201148,4,1
airport79nDr0nDe3,30,2.333333,8.298641,0.585223,4,1
airport81nDr0nDe3,30,1.265664,0.470883,0.072144,4,1
metroplex74nDr0nDe3,30,3.268170,30.102205,22.157641,7,5
grid81nDr0nDe3,30,13.135338,0.506142,0.098561,4,1
grid73nDr0nDe1,30,1.661654,11.394973,1.277686,4,1
grid74nDr0nDe1,30,3.506266,11.977693,4.693436,4,2
airport81nDr0nDe1,30,0.095238,4.596057,0.386110,4,1
airport81nDr0nDe2,30,0.972431,4.373860,0.377803,4,1
metroplex79nDr0nDe1,30,2.313283,19.479815,8.315465,5,2
grid81nDr0nDe2,30,12.994987,1.372075,0.611168,4,2
metroplex71nDr0nDe2,30,17.072386,48.266061,29.993219,5,3
metroplex78nDr0nDe2,30,8.035088,23.812554,15.020734,5,3
metroplex23nDr0nDe3,30,12.139759,148.908343,15.237719,5,1
airport74nDr0nDe3,30,2.095238,7.057158,0.628596,4,1
metroplex80nDr0nDe1,30,4.077694,15.483204,11.113337,4,3
grid79nDr0nDe3,30,7.260652,9.091128,1.081977,4,1
airport71nDr0nDe2,30,1.160401,3.738562,0.337281,4,1
airport23nDr0nDe3,30,0.962406,5.080710,0.418581,4,1
metroplex80nDr0nDe2,30,6.263158,18.797688,10.168170,5,3
airport80nDr0nDe1,30,0.385965,4.671487,0.394831,4,1
airport79nDr0nDe1,30,0.516291,9.188919,0.581293,4,1
airport78nDr0nDe2,30,2.142857,7.261226,0.638082,4,1
grid69nDr0nDe3,30,6.644110,17.864379,1.298385,5,1
grid37nDr0nDe3,30,1.619048,16.308885,1.456202,5,1
metroplex82nDr0nDe1,30,11.002506,13.333703,13.252858,5,5
metroplex16nDr0nDe2,30,23.649123,157.907294,94.116904,5,3
grid81nDr0nDe1,30,6.686717,12.844069,1.493727,4,1
metroplex10nDr0nDe1,30,8.609023,161.138318,33.336739,6,2
grid74nDr0nDe3,30,6.701754,10.089853,10.040036,4,4
airport16nDr0nDe2,30,1.972431,3.079378,0.326321,4,1
airport80nDr0nDe2,30,1.761905,5.788652,0.697920,4,1
metroplex79nDr0nDe2,30,10.543860,30.343484,22.239277,6,4
metroplex83nDr0nDe1,30,4.458647,15.047488,4.757037,5,2
airport82nDr0nDe1,30,0.333333,5.473071,0.429175,4,1
grid79nDr0nDe1,30,3.238095,7.781251,5.332701,4,3
grid71nDr0nDe2,30,3.724310,12.556227,8.791769,4,3
airport10nDr0nDe1,30,1.295739,5.903985,0.446177,4,1
metroplex82nDr0nDe3,30,11.844612,21.717208,15.506859,5,3
grid23nDr0nDe3,30,5.022556,13.587720,0.957110,5,1
airport82nDr0nDe3,30,1.909774,1.302614,0.196107,4,1
airport83nDr0nDe1,30,0.571429,6.069921,0.847705,4,1
metroplex85nDr0nDe3,30,10.147574,0.776896,0.130232,4,1
metroplex84nDr0nDe1,30,4.892231,12.030921,8.660991,4,3
metroplex34nDr0nDe3,30,17.583960,157.119959,123.750843,6,4
metroplex84nDr0nDe2,30,6.416040,11.668121,4.871222,4,2
metroplex37nDr0nDe2,30,8.992481,155.480099,121.097420,5,4
grid10nDr0nDe1,30,2.358396,3.782966,1.627268,4,2
airport79nDr0nDe2,30,2.448622,9.572042,0.708054,4,1
grid78nDr0nDe2,30,6.802005,16.134015,1.725008,5,1
grid80nDr0nDe1,30,3.766917,17.740318,0.996712,5,1
metroplex86nDr0nDe3,30,15.140351,0.531931,0.122243,4,1
metroplex86nDr0nDe1,30,5.952381,3.769535,1.701555,4,2
metroplex80nDr0nDe3,30,18.333308,39.571970,26.996669,5,3
grid51nDr0nDe2,30,16.789474,129.442860,0.584383,6,1
grid16nDr0nDe2,30,4.709273,15.006437,1.188783,5,1
airport84nDr0nDe1,30,1.541353,6.455866,0.481503,4,1
airport84nDr0nDe2,30,1.656642,5.986714,0.429322,4,1
metroplex82nDr0nDe2,30,16.664160,31.872794,19.305654,5,3
airport34nDr0nDe3,30,1.258145,6.924722,0.529237,4,1
airport37nDr0nDe2,30,1.238095,6.182549,0.655499,4,1
airport86nDr0nDe1,30,0.927318,2.882827,0.245404,4,1
metroplex87nDr0nDe1,30,8.641604,1.721970,0.334849,4,1
metroplex83nDr0nDe3,30,5.561404,20.896670,13.218353,6,4
grid56nDr0nDe2,30,12.052632,120.914765,0.792831,8,1
airport86nDr0nDe3,30,1.593985,4.525058,0.383727,4,1
metroplex53nDr0nDe1,30,8.395990,135.456267,112.127379,7,5
airport83nDr0nDe3,30,1.699248,1.954516,0.228054,4,1
airport85nDr0nDe3,30,3.380952,11.601308,8.811545,4,3
metroplex86nDr0nDe2,30,9.283182,8.193500,3.442644,4,2
airport82nDr0nDe2,30,1.749373,4.487967,0.362265,4,1
grid85nDr0nDe3,30,12.796992,0.687477,0.108365,4,1
airport80nDr0nDe3,30,2.238095,5.931678,0.666127,4,1
grid79nDr0nDe2,30,1.864662,10.999012,4.281407,4,2
airport87nDr0nDe1,30,1.203008,4.937092,0.321739,4,1
airport86nDr0nDe2,30,1.413534,2.301500,0.245372,4,1
metroplex85nDr0nDe1,30,2.601504,22.758482,7.265589,5,2
airport53nDr0nDe1,30,0.333333,7.184336,0.541414,4,1
grid86nDr0nDe2,30,2.754386,3.218955,0.157128,7,1
grid84nDr0nDe2,30,4.095238,13.632861,0.923352,5,1
metroplex85nDr0nDe2,30,7.426065,24.210049,7.596955,5,2
metroplex87nDr0nDe3,30,13.373434,13.937417,10.954035,4,3
grid37nDr0nDe2,30,1.571429,15.634240,1.308386,5,1
grid83nDr0nDe3,30,5.864662,13.651145,5.632414,4,2
airport85nDr0nDe1,30,1.857143,8.233552,0.780387,4,1
grid87nDr0nDe1,30,13.754386,12.926056,0.711845,5,1
grid86nDr0nDe3,30,16.912281,17.160438,0.865257,7,1
metroplex63nDr0nDe3,30,+Inf,122.547563,+Inf,4,+Inf
airport63nDr0nDe3,30,1.488722,1.031968,0.153896,4,1
metroplex88nDr0nDe2,30,5.027569,15.006301,10.911447,4,3
airport88nDr0nDe3,30,2.000000,8.585483,0.789131,4,1
airport85nDr0nDe2,30,3.285714,8.559855,0.944317,4,1
grid45nDr0nDe1,30,1.112782,147.438786,0.859440,8,1
grid63nDr0nDe3,30,20.456140,3.670801,1.607880,4,2
grid53nDr0nDe1,30,3.786967,15.090042,6.357193,4,2
grid14nDr0nDe3,30,4.428571,186.438594,1.867635,11,1
metroplex89nDr0nDe1,30,6.243108,12.797097,5.501691,4,2
grid82nDr0nDe2,30,12.822055,22.071151,1.339610,6,1
metroplex88nDr0nDe1,30,6.177945,21.703500,8.066698,5,2
airport87nDr0nDe3,30,1.115288,11.090218,0.721426,4,1
airport88nDr0nDe2,30,0.714286,7.613203,0.636418,4,1
metroplex89nDr0nDe3,30,4.070175,12.150273,12.054155,4,4
grid85nDr0nDe1,30,4.152882,11.608846,1.513842,4,1
grid78nDr0nDe3,30,8.365915,74.131823,2.864146,14,1
metroplex89nDr0nDe2,30,3.458647,16.384798,9.271483,5,3
metroplex53nDr0nDe2,30,+Inf,165.739278,+Inf,4,+Inf
airport8nDr0nDe1,30,0.438596,7.180232,0.522659,4,1
airport88nDr0nDe1,30,1.729323,7.142333,0.540147,4,1
metroplex8nDr0nDe1,30,3.681704,14.736091,6.068729,4,2
airport8nDr0nDe3,30,2.471178,6.001663,0.460438,4,1
airport90nDr0nDe1,30,1.360902,1.515068,0.206507,4,1
grid85nDr0nDe2,30,6.310777,15.704261,7.222479,4,2
metroplex8nDr0nDe3,30,6.203008,13.879038,1.166644,4,1
airport8nDr0nDe2,30,0.591479,6.689391,0.533360,4,1
airport90nDr0nDe3,30,1.814536,1.092784,0.129303,4,1
airport53nDr0nDe2,30,1.142857,7.846163,0.769420,4,1
metroplex90nDr0nDe1,30,7.949875,16.008259,11.569079,6,4
grid16nDr0nDe3,30,2.824561,201.163327,1.315234,6,1
metroplex92nDr0nDe1,30,166.333333,3.326979,1.697313,6,4
grid53nDr0nDe2,30,5.365915,1.473432,0.256096,4,1
metroplex8nDr0nDe2,30,10.070175,23.233900,1.136288,6,1
metroplex58nDr0nDe2,30,260.100251,164.051122,163.993115,6,6
metroplex73nDr0nDe2,30,8.919799,113.269090,19.943845,8,2
metroplex92nDr0nDe2,30,6.631579,1.877766,0.892874,4,2
airport58nDr0nDe2,30,1.012531,0.532016,0.109419,4,1
airport90nDr0nDe2,30,1.551378,1.286116,0.174224,4,1
airport91nDr0nDe1,30,1.095238,4.163006,0.335348,4,1
metroplex71nDr0nDe1,30,1.902256,123.487580,13.327715,10,3
metroplex92nDr0nDe3,30,13.037594,4.210254,1.799925,4,2
grid90nDr0nDe1,30,6.403509,1.995758,1.459510,4,3
airport93nDr0nDe1,30,0.390977,6.335951,0.503043,4,1
grid88nDr0nDe2,30,4.834586,19.571832,2.004578,5,1
grid88nDr0nDe1,30,1.771930,15.373052,1.199541,5,1
grid80nDr0nDe3,30,1.634085,45.476105,1.461199,7,1
grid92nDr0nDe1,30,1.395990,2.777710,0.174390,8,1
grid58nDr0nDe2,30,7.340852,7.085831,0.541307,5,1
airport73nDr0nDe2,30,2.047619,6.821454,0.630594,4,1
airport71nDr0nDe1,30,0.385965,5.325714,0.544896,4,1
airport93nDr0nDe2,30,0.666667,7.325121,0.798567,4,1
airport93nDr0nDe3,30,1.142857,6.446928,0.559320,4,1
grid92nDr0nDe2,30,7.749373,1.988485,0.900495,4,2
grid92nDr0nDe3,30,8.315789,1.046859,0.199650,4,1
metroplex95nDr0nDe2,30,4.155388,0.688186,0.159030,4,1
grid55nDr0nDe3,30,1.942356,137.742952,1.630241,11,1
metroplex95nDr0nDe3,30,8.090226,0.298042,0.074537,4,1
grid8nDr0nDe2,30,7.132832,13.627454,0.971677,5,1
grid24nDr0nDe3,30,5.172932,204.919826,1.979466,7,1
metroplex95nDr0nDe1,30,5.634060,5.366299,2.468994,6,3
airport96nDr0nDe3,30,1.541353,2.147858,0.245640,4,1
metroplex54nDr0nDe3,30,14.421053,191.549242,48.029174,7,2
metroplex84nDr0nDe3,30,11.355890,77.077957,21.435010,8,3
airport96nDr0nDe2,30,2.824561,5.435808,0.448895,4,1
grid95nDr0nDe3,30,13.546366,3.846995,1.892809,4,2
grid73nDr0nDe2,30,1.416040,12.578233,5.157996,4,2
airport96nDr0nDe1,30,0.476190,5.172232,0.487621,4,1
metroplex93nDr0nDe1,30,5.182957,17.690844,5.739243,5,2
grid71nDr0nDe3,30,10.408521,107.786375,3.690389,5,1
grid95nDr0nDe2,30,4.461153,4.443513,0.487010,4,1
metroplex83nDr0nDe2,30,4.929825,91.134386,1.315773,9,1
airport54nDr0nDe3,30,1.238095,5.317822,0.458141,4,1
grid41nDr0nDe3,30,15.536341,187.861314,2.694246,7,1
metroplex94nDr0nDe2,30,5.210526,15.674798,11.325245,4,3
grid75nDr0nDe3,30,17.626566,124.256607,2.176737,9,1
airport84nDr0nDe3,30,1.095238,7.267105,0.613551,4,1
airport94nDr0nDe1,30,0.726817,2.870647,0.255253,4,1
airport95nDr0nDe2,30,1.012531,1.695450,0.167103,4,1
grid71nDr0nDe1,30,3.265664,17.842902,0.869265,5,1
grid95nDr0nDe1,30,2.766917,5.259818,0.335291,6,1
metroplex99nDr0nDe1,30,3.466165,1.165066,0.708499,5,3
metroplex98nDr0nDe1,30,3.837093,4.505405,0.546592,4,1
metroplex93nDr0nDe3,30,6.032581,22.056367,16.933935,5,4
metroplex96nDr0nDe1,30,4.225564,14.075564,13.980514,4,4
airport83nDr0nDe2,30,7.070175,6.245027,4.546478,4,3
metroplex90nDr0nDe2,30,14.947368,48.226165,1.280749,5,1
metroplex73nDr0nDe3,30,11.215539,143.522762,83.820725,5,3
grid89nDr0nDe3,30,13.223058,39.034357,19.823738,4,2
airport94nDr0nDe3,30,1.488722,2.891751,0.252157,4,1
metroplex97nDr0nDe1,30,4.586466,11.043962,4.768956,4,2
metroplex99nDr0nDe2,30,15.857143,0.727482,0.351310,7,4
grid54nDr0nDe3,30,13.593985,9.999270,1.003138,5,1
metroplex78nDr0nDe1,30,6.694236,130.123814,3.337975,5,1
metroplex99nDr0nDe3,30,16.476190,0.775695,0.371581,7,4
airport97nDr0nDe1,30,1.385965,5.627530,0.370755,4,1
airport99nDr0nDe1,30,0.095238,6.249257,0.514290,4,1
metroplex46nDr0nDe1,30,54.303258,225.952085,225.879164,9,9
metroplex94nDr0nDe1,30,10.147870,28.032526,10.221863,6,2
airport98nDr0nDe1,30,1.190476,3.677002,0.358354,4,1
airport91nDr0nDe2,30,0.476190,6.347591,0.564265,4,1
metroplex97nDr0nDe3,30,11.786967,13.640280,1.510266,5,1
airport95nDr0nDe1,30,0.822055,1.399772,0.148167,4,1
grid94nDr0nDe2,30,3.112782,11.863057,1.156528,4,1
metroplex96nDr0nDe3,30,7.398496,17.504229,9.640932,5,3
airport46nDr0nDe1,30,1.022556,2.335422,0.182006,4,1
metroplex98nDr0nDe2,30,8.721805,12.848602,9.281490,4,3
metroplex98nDr0nDe3,30,17.719298,11.943305,1.448708,4,1
airport73nDr0nDe3,30,1.523810,6.476701,0.562760,4,1
airport9nDr0nDe1,30,0.952381,10.355674,1.095640,4,1
grid93nDr0nDe1,30,1.781955,13.860582,13.752122,4,4
airport99nDr0nDe2,30,1.834586,0.483823,0.073769,4,1
airport98nDr0nDe3,30,1.488722,2.976199,0.240549,4,1
metroplex37nDr0nDe1,30,6.624060,246.891791,241.318905,12,11
airport78nDr0nDe1,30,0.333333,6.926800,0.558551,4,1
grid84nDr0nDe3,30,8.892231,16.090050,1.190161,5,1
airport9nDr0nDe2,30,1.333333,9.742377,0.815914,4,1
grid99nDr0nDe2,30,3.040100,0.607857,0.121200,4,1
grid98nDr0nDe1,30,5.982456,8.315018,5.792621,4,3
grid46nDr0nDe1,30,7.132832,5.492312,2.469494,4,2
grid97nDr0nDe1,30,2.438596,7.887568,3.104519,4,2
airport9nDr0nDe3,30,1.523810,9.795790,0.699834,4,1
grid93nDr0nDe3,30,15.025063,12.220186,5.410021,4,2
grid99nDr0nDe3,30,3.325815,0.574068,0.108349,4,1
airport99nDr0nDe3,30,1.285714,6.837064,0.595633,4,1
airport97nDr0nDe3,30,1.095238,7.080414,0.683496,4,1
grid94nDr0nDe1,30,2.408521,10.517057,0.992726,4,1
grid98nDr0nDe2,30,8.155388,9.137708,3.944803,4,2
metroplex9nDr0nDe1,30,11.140351,10.616772,4.414465,4,2
airport37nDr0nDe1,30,5.260410,7.666925,3.053303,4,2
grid34nDr0nDe3,30,10.842105,92.883259,1.690833,10,1
metroplex96nDr0nDe2,30,6.498721,34.751730,1.561621,7,1
metroplex7nDr0nDe3,30,8.390977,138.242844,1.367033,7,1
grid97nDr0nDe3,30,11.807018,11.326960,1.430379,4,1
grid9nDr0nDe1,30,3.481203,3.145768,0.371815,4,1
metroplex97nDr0nDe2,30,7.704261,30.069314,7.168503,7,2
airport7nDr0nDe3,30,2.015038,2.116468,0.181007,4,1
metroplex9nDr0nDe2,30,7.884712,14.600987,10.650249,4,3
grid7nDr0nDe3,30,5.877193,0.716047,0.165556,4,1
airport97nDr0nDe2,30,0.714286,6.139619,0.501119,4,1
airport98nDr0nDe2,30,1.380952,5.202463,0.358157,4,1
grid99nDr0nDe1,30,9.323308,19.424035,4.802276,6,2
grid96nDr0nDe3,30,1.741855,13.512911,1.162805,5,1
grid37nDr0nDe1,30,1.446115,10.201518,1.295423,4,1
metroplex9nDr0nDe3,30,15.140351,18.516584,8.798045,4,2
grid97nDr0nDe2,30,11.045113,9.047984,3.760298,4,2
grid96nDr0nDe1,30,1.358396,34.098094,26.149441,13,10
metroplex46nDr0nDe3,30,23.606516,260.447030,30.415875,10,1
metroplex90nDr0nDe3,30,14.887218,95.525783,45.595668,4,2
airport46nDr0nDe3,30,1.010025,8.095037,0.723257,4,1
airport91nDr0nDe3,30,1.904762,5.105705,0.539506,4,1
grid9nDr0nDe3,30,5.283208,23.229839,1.795652,6,1
metroplex64nDr0nDe1,30,331.834586,230.258925,163.935565,8,6
grid46nDr0nDe3,30,9.175439,5.417446,3.979500,4,3
grid96nDr0nDe2,30,1.591479,29.706600,0.745213,6,1
grid90nDr0nDe3,30,17.573935,3.959791,1.696052,4,2
airport64nDr0nDe1,30,2.939850,3.301583,0.260608,4,1
metroplex5nDr0nDe3,30,6.263158,242.823785,237.364575,13,11
metroplex87nDr0nDe2,30,10.789474,135.649663,3.617804,7,2
grid78nDr0nDe1,30,4.972431,51.448650,1.711701,10,1
airport5nDr0nDe3,30,2.067669,3.772246,0.314612,4,1
grid88nDr0nDe3,30,7.177945,121.015482,2.958380,8,1
airport87nDr0nDe2,30,2.548872,7.537439,0.448653,4,1
grid84nDr0nDe1,30,4.654135,147.244815,1.126851,14,1
grid64nDr0nDe1,30,2.604010,19.061054,0.518838,8,1
grid87nDr0nDe2,30,11.228070,8.125351,3.319683,4,2
metroplex91nDr0nDe2,30,3.979950,121.766609,1.729921,6,1
airport92nDr0nDe2,30,1.781955,0.868818,0.118063,4,1
grid83nDr0nDe2,30,9.152882,82.222576,1.752509,9,1
grid82nDr0nDe1,30,11.536341,171.992671,1.002012,7,1
grid49nDr0nDe2,30,2.619047,270.318902,6.756657,11,1
metroplex91nDr0nDe1,30,18.751880,164.447866,22.629125,7,1
grid50nDr0nDe1,30,9.694236,321.553862,5.950390,12,2
airport92nDr0nDe1,30,3.140351,3.332600,0.267201,4,1
metroplex60nDr0nDe1,30,5.162907,307.207093,1.263869,12,1
airport60nDr0nDe1,30,1.518797,3.753228,0.288463,4,1
metroplex94nDr0nDe3,30,8.736842,159.406192,24.254543,6,2
airport95nDr0nDe3,30,1.488722,0.996839,0.134443,4,1
grid60nDr0nDe1,30,7.313283,11.354312,4.650665,4,2
grid91nDr0nDe1,30,0.819549,18.343996,1.376428,5,1
metroplex91nDr0nDe3,30,15.355890,205.191946,97.635058,7,3
airport92nDr0nDe3,30,2.067669,0.997760,0.129222,4,1
grid8nDr0nDe1,30,3.406015,203.279870,0.830590,15,1
grid91nDr0nDe3,30,5.368421,15.016084,1.139066,5,1
metroplex93nDr0nDe2,30,98.145363,205.227353,136.239883,8,6
airport94nDr0nDe2,30,0.809524,5.876592,0.452437,4,1
grid35nDr0nDe3,30,5.338346,327.557009,2.184176,15,1
grid93nDr0nDe2,30,2.721805,11.136888,1.045925,4,1
grid4nDr0nDe3,30,3.671679,368.714654,0.856432,17,1
grid8nDr0nDe3,30,8.711779,249.129769,1.403840,10,1
grid91nDr0nDe2,30,4.894737,147.428839,1.420400,9,1
grid90nDr0nDe2,30,3.087719,265.909711,0.841105,11,1
grid80nDr0nDe2,30,17.110276,388.435279,4.476575,21,1
grid86nDr0nDe1,30,4.491228,373.935218,0.778647,15,1
grid98nDr0nDe3,30,14.431078,308.967195,0.834000,12,1
grid74nDr0nDe2,30,5.521303,464.325451,8.353756,21,3
grid67nDr0nDe3,30,4.726817,490.504020,1.228495,17,1
grid21nDr0nDe1,30,7.233083,590.453540,1.913356,21,1
grid48nDr0nDe3,30,13.503759,584.768300,5.044078,21,2
