instance,resultFixed,elapsedTimeFixed,totalSolveTimeFixed,totalTimeFixed,nvarsFixed,snvarsFixed,nconsFixed,snconsFixed,reduceTini
airport23,1.315789,0.586760,0.531998,1.118758,75454,7006,26120,26120,0
airport24,8001.842105,1.010607,0.362477,1.373084,91248,8085,31047,31047,0
airport0,1002.418546,1.120560,0.910104,2.030664,100220,8358,31713,31713,0
airport21,2.052632,0.816346,0.983879,1.800225,101136,8645,33299,33299,0
airport12,2001.105263,0.977152,1.328314,2.305466,125100,9896,37792,37792,0
airport15,1000.052632,0.730750,0.559816,1.290566,92886,8518,32997,32997,0
airport18,1.684211,0.988283,1.140526,2.128809,100114,8025,29821,29821,0
airport22,1001.210526,0.766335,1.256837,2.023172,92720,8260,31863,31863,0
airport19,1001.736842,1.351793,0.663272,2.015065,91478,7801,29400,29400,0
airport1,0.421053,0.939607,0.508274,1.447881,95390,7546,27617,27617,0
airport26,1001.947368,1.367058,1.010175,2.377233,114014,8525,32098,32098,0
airport16,1.997494,0.741629,1.024379,1.766008,91352,7652,28363,28363,0
airport13,1001.578947,1.468928,0.507762,1.976690,105556,8315,31561,31561,0
airport20,2.776942,0.812246,1.114628,1.926874,104678,8272,30039,30039,0
airport11,1.681704,0.897524,1.656777,2.554301,87771,7883,29649,29649,0
airport25,4.428571,0.939753,1.133589,2.073342,100142,7578,26737,26737,0
airport27,1001.473684,0.956315,0.567996,1.524311,105190,8148,30478,30478,0
airport28,1.105263,1.035582,1.824697,2.860279,96413,8146,30369,30369,0
airport14,1.095238,1.001120,2.042692,3.043812,106464,10041,39704,39704,0
airport17,1.157895,1.355824,0.863363,2.219187,95662,7623,27666,27666,0
airport23,1.210526,1.159878,1.256893,2.416771,75474,7026,26150,26150,1
airport10,3.431078,1.516150,1.348805,2.864955,109738,8392,31588,31588,0
airport24,6001.578947,1.037515,0.562859,1.600374,91278,8115,31092,31092,1
airport0,1002.155388,1.474893,1.180575,2.655468,100254,8392,31764,31764,1
airport15,1000.000000,1.146368,0.901905,2.048273,92914,8546,33039,33039,1
airport23,1.157895,0.818425,0.823348,1.641773,75494,7046,26180,26180,2
airport12,2001.105263,1.316366,1.583913,2.900279,125122,9918,37825,37825,1
airport21,1.736842,1.411111,1.561599,2.972710,101164,8673,33341,33341,1
airport33,2001.105263,1.226149,1.651481,2.877630,114614,8905,33239,33239,0
airport18,1.473684,1.444596,1.422019,2.866615,100138,8049,29857,29857,1
airport24,6001.315789,1.479319,0.633864,2.113183,91308,8145,31137,31137,2
airport1,0.315789,1.232260,1.274854,2.507114,95418,7574,27659,27659,1
airport19,1001.526316,1.030428,1.329210,2.359638,91506,7829,29442,29442,1
airport13,1001.368421,1.161773,0.741189,1.902962,105584,8343,31603,31603,1
airport30,1001.473684,1.171477,0.666273,1.837750,90874,7366,26937,26937,0
airport22,1001.157895,1.397248,1.669081,3.066329,92742,8282,31896,31896,1
airport0,1001.997494,1.483862,1.310268,2.794130,100284,8422,31809,31809,2
airport26,1001.736842,1.413997,0.976171,2.390168,114048,8559,32149,32149,1
airport29,1001.473684,1.316634,1.243056,2.559690,88896,8351,32990,32990,0
airport38,1.105263,1.323288,1.054314,2.377602,91360,7215,26037,26037,0
airport16,1.892231,1.022180,1.295191,2.317371,91376,7676,28399,28399,1
airport40,1.315789,0.953586,0.657346,1.610932,88084,7841,30097,30097,0
airport20,2.776942,1.665930,1.626151,3.292081,104684,8278,30048,30048,1
airport11,1.681704,1.297692,1.561256,2.858948,87787,7899,29673,29673,1
airport18,1.315789,1.453615,1.199448,2.653063,100162,8073,29893,29893,2
airport12,2001.105263,1.355800,1.434858,2.790658,125138,9934,37849,37849,2
airport21,1.526316,1.580440,1.401054,2.981494,101192,8701,33383,33383,2
airport25,4.428571,1.109320,1.499413,2.608733,100156,7592,26758,26758,1
airport2,1001.473684,1.001778,0.627866,1.629644,96600,7627,28539,28539,0
airport22,1001.105263,1.363129,0.712529,2.075658,92764,8304,31929,31929,2
airport27,1001.315789,1.083066,0.897411,1.980477,105216,8174,30517,30517,1
airport15,1000.000000,1.196002,0.862413,2.058415,92934,8566,33069,33069,2
airport32,1001.105263,0.987819,0.688341,1.676160,96078,7597,27848,27848,0
airport39,1.421053,1.595641,1.235522,2.831163,109304,8937,33865,33865,0
airport31,1.681704,1.171280,1.718146,2.889426,83596,7476,27940,27940,0
airport13,1001.210526,1.069225,0.725857,1.795082,105612,8371,31645,31645,2
airport1,0.263158,0.985811,0.726854,1.712665,95444,7600,27698,27698,2
airport16,1.786967,0.928087,1.368230,2.296317,91400,7700,28435,28435,2
airport19,1001.368421,1.035792,1.173095,2.208887,91534,7857,29484,29484,2
airport14,1.095238,1.344607,1.886767,3.231374,106482,10059,39731,39731,1
airport11,1.681704,0.966428,1.698610,2.665038,87803,7915,29697,29697,2
airport28,1.105263,0.982303,1.924371,2.906674,96425,8158,30387,30387,1
airport42,1001.631579,0.890131,0.782272,1.672403,86849,6861,25001,25001,0
airport26,1001.578947,1.612490,1.143177,2.755667,114080,8591,32197,32197,2
airport35,1.491228,1.407577,1.186594,2.594171,96721,8790,34181,34181,0
airport20,2.776942,1.023524,1.674310,2.697834,104688,8282,30054,30054,2
airport17,1.105263,1.049408,1.280146,2.329554,95684,7645,27699,27699,1
airport36,1.105263,1.158815,1.455324,2.614139,95800,8207,30500,30500,0
airport27,1001.210526,1.102727,0.734309,1.837036,105242,8200,30556,30556,2
airport10,3.220551,1.409256,1.503259,2.912515,109768,8422,31633,31633,1
airport34,1.892231,0.950264,1.599397,2.549661,88691,8258,32217,32217,0
airport28,1.105263,1.020017,2.189594,3.209611,96431,8164,30396,30396,2
airport43,1001.315789,1.124511,0.642441,1.766952,87326,7499,28093,28093,0
airport17,2001.105263,1.370193,0.570326,1.940519,95702,7663,27726,27726,2
airport46,1.105263,1.264760,1.211843,2.476603,118882,9458,35559,35559,0
airport14,1.095238,1.245381,1.956153,3.201534,106500,10077,39758,39758,2
airport25,4.428571,1.423288,2.405648,3.828936,100168,7604,26776,26776,2
airport33,2001.105263,1.147275,1.289521,2.436796,114630,8921,33263,33263,1
airport48,2.210526,1.030464,1.218291,2.248755,84842,8480,34133,34133,0
airport10,3.010025,1.601688,1.394713,2.996401,109798,8452,31678,31678,2
airport45,1.200501,1.016934,1.539967,2.556901,100024,7892,28599,28599,0
airport30,1001.368421,0.937486,0.643174,1.580660,90904,7396,26982,26982,1
airport44,1001.210526,1.204619,0.764198,1.968817,91378,6996,24979,24979,0
airport3,1001.526316,1.088581,0.805034,1.893615,100592,8053,30190,30190,0
airport29,1001.315789,0.954030,1.342296,2.296326,88924,8379,33032,33032,1
airport37,0.333333,1.543704,1.247710,2.791414,109268,7981,28424,28424,0
airport38,1.105263,1.189690,1.088094,2.277784,91380,7235,26067,26067,1
airport52,1.842105,1.146979,0.778776,1.925755,91286,7001,25689,25689,0
airport40,1.210526,0.912099,0.659960,1.572059,88106,7863,30130,30130,1
airport47,1.842105,1.033101,1.390599,2.423700,96783,8614,33873,33873,0
airport39,1.315789,1.644912,1.183580,2.828492,109334,8967,33910,33910,1
airport31,1.681704,0.965641,1.905438,2.871079,83606,7486,27955,27955,1
airport54,2001.105263,0.936352,1.209642,2.145994,83362,7294,26795,26795,0
airport2,1001.315789,1.004844,0.629849,1.634693,96628,7655,28581,28581,1
airport29,1001.210526,1.118941,1.475117,2.594058,88952,8407,33074,33074,2
airport38,1.105263,0.948675,1.055475,2.004150,91400,7255,26097,26097,2
airport50,1.105263,1.236292,1.776707,3.012999,119374,9421,35271,35271,0
airport32,1001.105263,1.007524,0.760015,1.767539,96102,7621,27884,27884,1
airport4,1001.210526,1.473700,0.909838,2.383538,100536,8127,30129,30129,0
airport30,1001.263158,1.333644,0.638373,1.972017,90934,7426,27027,27027,2
airport33,2001.105263,1.732082,1.857207,3.589289,114644,8935,33284,33284,2
airport35,1.438596,1.006902,1.285432,2.292334,96751,8820,34226,34226,1
airport40,1.157895,0.855845,0.856817,1.712662,88126,7883,30160,30160,2
airport36,1.105263,0.981384,1.272743,2.254127,95816,8223,30524,30524,1
airport58,2001.105263,0.832369,1.407720,2.240089,83292,7275,26718,26718,0
airport42,1001.473684,1.331130,0.817869,2.148999,86875,6887,25040,25040,1
airport39,1.210526,1.161578,1.307208,2.468786,109364,8997,33955,33955,2
airport34,1.786967,1.294772,1.819100,3.113872,88719,8286,32259,32259,1
airport2,1001.210526,1.299150,0.644128,1.943278,96656,7683,28623,28623,2
airport31,1.681704,1.250735,1.459513,2.710248,83616,7496,27970,27970,2
airport49,1.315789,1.056048,1.024543,2.080591,104751,7991,29319,29319,0
airport46,1.105263,1.307058,1.157614,2.464672,118898,9474,35583,35583,1
airport32,1001.105263,0.992735,0.659248,1.651983,96126,7645,27920,27920,2
airport43,1001.210526,0.913143,0.569062,1.482205,87356,7529,28138,28138,1
airport59,1001.681704,1.091558,1.481900,2.573458,105121,7799,27858,27858,0
airport36,1.105263,0.863480,1.312786,2.176266,95832,8239,30548,30548,2
airport35,1.438596,1.253939,1.210796,2.464735,96777,8846,34265,34265,2
airport60,1.105263,1.031512,1.771877,2.803389,100948,8746,32998,32998,0
airport48,1.894737,1.097001,1.316704,2.413705,84870,8508,34175,34175,1
airport34,1.681704,1.112556,1.791304,2.903860,88747,8314,32301,32301,2
airport51,1.789474,1.086297,0.564180,1.650477,100144,7768,28725,28725,0
airport55,4001.105263,0.903852,0.554949,1.458801,86982,6728,24090,24090,0
airport42,1001.368421,1.108422,0.784534,1.892956,86901,6913,25079,25079,2
airport45,1.200501,1.046276,1.547835,2.594111,100036,7904,28617,28617,1
airport46,1.105263,1.588481,1.322753,2.911234,118914,9490,35607,35607,2
airport3,1001.315789,1.295012,0.793462,2.088474,100622,8083,30235,30235,1
airport53,1.095238,1.394339,0.853239,2.247578,104571,8405,31753,31753,0
airport44,1001.105263,0.959301,0.594166,1.553467,91402,7020,25015,25015,1
airport37,0.333333,1.428089,1.285311,2.713400,109288,8001,28454,28454,1
airport56,1001.105263,1.161763,1.129795,2.291558,109868,8967,34116,34116,0
airport43,1001.157895,1.175190,0.778686,1.953876,87384,7557,28180,28180,2
airport45,1.200501,1.012785,1.462845,2.475630,100048,7916,28635,28635,2
airport52,1.578947,1.088751,0.942151,2.030902,91316,7031,25734,25734,1
airport48,1.631579,1.036674,1.633960,2.670634,84898,8536,34217,34217,2
airport64,1001.681704,0.854488,1.364864,2.219352,79416,7109,26381,26381,0
airport37,0.333333,1.481424,0.990755,2.472179,109304,8017,28478,28478,2
airport57,1002.052632,1.709859,0.828344,2.538203,118210,8740,32592,32592,0
airport3,1001.210526,1.141415,0.701290,1.842705,100650,8111,30277,30277,2
airport47,1.684211,1.058390,1.361642,2.420032,96811,8642,33915,33915,1
airport62,1001.473684,1.050259,0.718538,1.768797,87630,7729,29362,29362,0
airport61,1001.157895,1.221063,0.637794,1.858857,79337,7009,25916,25916,0
airport50,1.105263,1.284641,1.763473,3.048114,119386,9433,35289,35289,1
airport4,1001.157895,1.094853,0.953495,2.048348,100562,8153,30168,30168,1
airport54,2001.105263,1.317918,1.707763,3.025681,83376,7308,26816,26816,1
airport5,1.681704,1.421098,1.449826,2.870924,92052,7504,27388,27388,0
airport63,1001.681704,1.029215,1.228898,2.258113,82920,6769,24142,24142,0
airport44,1001.105263,1.014212,0.728231,1.742443,91420,7038,25042,25042,2
airport58,2001.105263,0.929499,1.110083,2.039582,83306,7289,26739,26739,1
airport52,1.421053,0.959622,0.989496,1.949118,91346,7061,25779,25779,2
airport69,3.260652,0.826889,1.120865,1.947754,79495,7257,26911,26911,0
airport47,1.526316,0.957999,1.406653,2.364652,96839,8670,33957,33957,2
airport71,2.007519,0.885497,0.911498,1.796995,82960,6918,25280,25280,0
airport54,2001.105263,1.255746,1.431758,2.687504,83384,7316,26828,26828,2
airport4,1001.105263,1.030669,1.002674,2.033343,100588,8179,30207,30207,2
airport67,1002.892231,1.019961,0.861753,1.881714,100790,7858,29478,29478,0
airport50,1.105263,1.287390,1.660963,2.948353,119394,9441,35301,35301,2
airport68,1001.421053,1.689002,0.867354,2.556356,109032,8138,29813,29813,0
airport49,1.263158,1.613618,1.020277,2.633895,104779,8019,29361,29361,1
airport58,2001.105263,1.208636,1.162712,2.371348,83316,7299,26754,26754,2
airport59,1001.681704,1.121293,1.596206,2.717499,105131,7809,27873,27873,1
airport6,1.842105,1.540953,1.405280,2.946233,111750,9533,38267,38267,0
airport60,1.105263,1.449247,1.946902,3.396149,100958,8756,33013,33013,1
airport51,1.526316,1.247634,0.670864,1.918498,100176,7800,28773,28773,1
airport53,0.832080,1.194146,0.772694,1.966840,104599,8433,31795,31795,1
airport56,1001.105263,0.916113,0.709493,1.625606,109888,8987,34146,34146,1
airport66,1002.105263,1.229601,0.494676,1.724277,104573,7544,27409,27409,0
airport65,1001.105263,1.313877,1.651470,2.965347,119928,9764,37088,37088,0
airport55,4000.842105,0.904842,0.994904,1.899746,87014,6760,24138,24138,1
airport49,1.210526,1.114249,1.029685,2.143934,104805,8045,29400,29400,2
airport59,1001.681704,1.108171,1.149411,2.257582,105139,7817,27885,27885,2
airport72,1.421053,0.984180,0.716743,1.700923,83172,7141,26528,26528,0
airport57,1001.789474,1.234099,0.611032,1.845131,118244,8774,32643,32643,1
airport70,1.872180,1.114945,2.582239,3.697184,98253,10065,40639,40639,0
airport78,2002.428571,1.451341,1.140816,2.592157,95938,8253,30914,30914,0
airport76,1001.681704,1.004379,1.083656,2.088035,95592,8009,29620,29620,0
airport62,1001.315789,0.926765,0.756936,1.683701,87660,7759,29407,29407,1
airport60,1.105263,0.891669,1.951306,2.842975,100964,8762,33022,33022,2
airport74,1002.293233,1.110628,1.524735,2.635363,109216,8547,31188,31188,0
airport64,1001.681704,1.170464,1.352147,2.522611,79436,7129,26411,26411,1
airport61,1001.105263,1.200997,0.789182,1.990179,79357,7029,25946,25946,1
airport5,1.681704,1.307698,0.954888,2.262586,92070,7522,27415,27415,1
airport55,4000.684211,1.063029,0.826021,1.889050,87044,6790,24183,24183,2
airport51,1.368421,1.072193,0.588612,1.660805,100206,7830,28818,28818,2
airport53,0.621554,1.037537,0.734261,1.771798,104627,8461,31837,31837,2
airport63,1001.681704,0.956521,0.959314,1.915835,82938,6787,24169,24169,1
airport56,1001.105263,1.589006,1.110264,2.699270,109906,9005,34173,34173,2
airport62,1001.210526,0.947980,0.760480,1.708460,87688,7787,29449,29449,2
airport57,1001.578947,1.656650,0.867935,2.524585,118274,8804,32688,32688,2
airport83,1.894737,1.308111,0.885004,2.193115,87174,7158,26544,26544,0
airport7,1001.105263,1.003266,0.614308,1.617574,79584,7059,25997,25997,0
airport81,1.105263,0.963723,0.908623,1.872346,79269,6824,24674,24674,0
airport69,3.260652,0.673036,1.317831,1.990867,79515,7277,26941,26941,1
airport61,1001.105263,1.128728,0.602088,1.730816,79375,7047,25973,25973,2
airport64,1003.260652,1.037970,1.335642,2.373612,79454,7147,26438,26438,2
airport68,1001.315789,0.847870,0.822055,1.669925,109062,8168,29858,29858,1
airport67,1002.629073,1.033896,1.063589,2.097485,100824,7892,29529,29529,1
airport5,1.681704,0.845504,1.329099,2.174603,92088,7540,27442,27442,2
airport80,1.734336,0.709284,1.456597,2.165881,87292,7110,25322,25322,0
airport73,0.761905,1.486737,1.101144,2.587881,113739,8356,30275,30275,0
airport75,1001.157895,1.013855,0.978162,1.992017,100392,7429,26762,26762,0
airport77,3.260652,0.809688,1.294761,2.104449,80665,7878,30453,30453,0
airport71,1.849624,1.028215,1.130948,2.159163,82984,6942,25316,25316,1
airport6,1.578947,1.161340,1.306826,2.468166,111780,9563,38312,38312,1
airport84,1.157895,1.413017,0.669822,2.082839,95837,8124,30362,30362,0
airport69,3.260652,0.934929,1.001820,1.936749,79535,7297,26971,26971,2
airport63,1003.260652,0.794064,1.097355,1.891419,82954,6803,24193,24193,2
airport67,1002.418546,0.902657,0.907350,1.810007,100856,7924,29577,29577,2
airport82,1.681704,1.244727,1.288668,2.533395,83216,7496,27516,27516,0
airport66,1001.789474,1.306895,0.637402,1.944297,104605,7576,27457,27457,1
airport71,1.744361,0.865826,1.330699,2.196525,83008,6966,25352,25352,2
airport88,3000.000000,1.124646,0.845061,1.969707,104750,8477,31424,31424,0
airport65,1001.105263,1.148970,1.340957,2.489927,119946,9782,37115,37115,1
airport68,1001.210526,1.222863,0.696180,1.919043,109092,8198,29903,29903,2
airport78,2002.428571,0.822451,0.898980,1.721431,95958,8273,30944,30944,1
airport72,1.315789,0.654343,0.610197,1.264540,83200,7169,26570,26570,1
airport76,1001.681704,1.003493,1.101611,2.105104,95608,8025,29644,29644,1
airport70,1.872180,1.452714,2.427962,3.880676,98259,10071,40648,40648,1
airport6,1.421053,1.541854,1.419213,2.961067,111810,9593,38357,38357,2
airport85,1000.807018,1.279070,0.930226,2.209296,113908,8626,32073,32073,0
airport74,1003.260652,1.047099,1.515753,2.562852,109236,8567,31218,31218,1
airport92,1001.776942,1.363420,0.936424,2.299844,91840,7488,27574,27574,0
airport66,1001.526316,1.027128,0.653741,1.680869,104637,7608,27505,27505,2
airport79,1.681704,1.262580,1.917263,3.179843,97850,9581,38204,38204,0
airport86,1.681704,0.784514,1.245560,2.030074,76560,7278,28002,28002,0
airport65,1001.105263,1.037444,1.676363,2.713807,119964,9800,37142,37142,2
airport8,2001.210526,1.083994,0.825958,1.909952,114679,8433,30968,30968,0
airport93,1.105263,1.179035,1.524451,2.703486,113914,8371,30058,30058,0
airport81,1.105263,1.081995,0.752949,1.834944,79287,6842,24701,24701,1
airport78,2002.428571,0.826848,0.956576,1.783424,95974,8289,30968,30968,2
airport72,1.210526,0.844400,0.686853,1.531253,83228,7197,26612,26612,2
airport96,1.105263,0.939896,1.202222,2.142118,91560,7401,26641,26641,0
airport74,1003.260652,0.861783,1.297862,2.159645,109250,8581,31239,31239,2
airport90,1002.015038,0.913077,0.986631,1.899708,99922,7793,28358,28358,0
airport83,1.631579,1.270388,1.026924,2.297312,87206,7190,26592,26592,1
airport70,1.872180,1.335871,2.642624,3.978495,98263,10075,40654,40654,2
airport7,1001.105263,0.949036,0.916075,1.865111,79594,7069,26012,26012,1
airport76,1003.260652,0.906558,1.696607,2.603165,95622,8039,29665,29665,2
airport91,1001.473684,0.757719,0.688073,1.445792,79141,7027,26254,26254,0
airport87,1.681704,0.877901,1.578292,2.456193,86592,9735,39864,39864,0
airport81,1.105263,0.841377,0.858615,1.699992,79303,6858,24725,24725,2
airport80,1.734336,1.108012,1.669970,2.777982,87304,7122,25340,25340,1
airport95,1.421053,1.212949,0.646872,1.859821,91184,7615,28506,28506,0
airport82,1.681704,0.782508,0.959190,1.741698,83224,7504,27528,27528,1
airport73,0.761905,1.214625,1.213405,2.428030,113761,8378,30308,30308,1
airport84,1.105263,0.814055,0.968212,1.782267,95861,8148,30398,30398,1
airport83,1.421053,1.018086,0.722777,1.740863,87238,7222,26640,26640,2
airport7,1001.105263,0.835708,0.828150,1.663858,79604,7079,26027,26027,2
airport77,3.260652,0.903069,1.448230,2.351299,80673,7886,30465,30465,1
airport75,1001.105263,1.463603,0.529826,1.993429,100420,7457,26804,26804,1
airport97,1001.315789,0.702865,0.579649,1.282514,69640,7488,29795,29795,0
airport80,1.734336,0.918251,1.660266,2.578517,87316,7134,25358,25358,2
airport75,1001.105263,1.041506,0.610809,1.652315,100442,7479,26837,26837,2
airport88,3000.000000,1.083989,1.286579,2.370568,104768,8495,31451,31451,1
airport99,8001.305764,0.993194,0.737053,1.730247,95778,7807,29013,29013,0
airport84,1.105263,1.243808,0.800687,2.044495,95883,8170,30431,30431,2
airport77,3.260652,1.001102,1.561632,2.562734,80679,7892,30474,30474,2
airport94,1001.263158,1.628363,0.861383,2.489746,109286,8476,31407,31407,0
airport82,3.260652,1.016803,1.717606,2.734409,83232,7512,27540,27540,2
airport73,0.761905,1.000778,1.532202,2.532980,113781,8398,30338,30338,2
airport85,1000.649123,1.294802,1.259676,2.554478,113940,8658,32121,32121,1
airport8,2001.105263,1.231601,0.999756,2.231357,114705,8459,31007,31007,1
airport92,1001.776942,1.330331,1.504617,2.834948,91856,7504,27598,27598,1
airport79,1.681704,1.279105,2.205458,3.484563,97870,9601,38234,38234,1
airport88,3000.000000,1.160515,1.172582,2.333097,104786,8513,31478,31478,2
airport86,1.681704,0.862677,1.031932,1.894609,76578,7296,28029,28029,1
airport93,1.105263,1.251278,1.589870,2.841148,113928,8385,30079,30079,1
airport98,1.681704,1.219077,1.612262,2.831339,88426,8441,32731,32731,0
airport9,2.388471,1.045355,1.556520,2.601875,124301,9926,37610,37610,0
airport86,1.681704,0.618211,1.211655,1.829866,76596,7314,28056,28056,2
airport85,1000.543860,1.256988,0.745542,2.002530,113970,8688,32166,32166,2
airport92,1003.260652,0.971383,1.155385,2.126768,91870,7518,27619,27619,2
airport79,1.681704,1.400033,2.524539,3.924572,97888,9619,38261,38261,2
airport87,1.681704,1.199126,1.808433,3.007559,86598,9741,39873,39873,1
airport91,1001.315789,1.025033,1.094442,2.119475,79167,7053,26293,26293,1
airport93,1.105263,1.185865,1.157235,2.343100,113940,8397,30097,30097,2
airport95,1.315789,1.265633,0.553484,1.819117,91212,7643,28548,28548,1
airport90,1002.015038,1.544492,1.748117,3.292609,99942,7813,28388,28388,1
airport96,1.105263,1.221094,1.421073,2.642167,91576,7417,26665,26665,1
airport8,2001.105263,0.925417,1.041252,1.966669,114727,8481,31040,31040,2
airport97,1001.210526,0.560689,0.442613,1.003302,69662,7510,29828,29828,1
airport90,1003.260652,0.830989,1.835502,2.666491,99960,7831,28415,28415,2
airport96,1.105263,1.018275,1.435280,2.453555,91592,7433,26689,26689,2
airport91,1001.210526,1.193486,1.113205,2.306691,79193,7079,26332,26332,2
airport99,6001.105263,0.878590,0.463221,1.341811,95804,7833,29052,29052,1
airport87,1.681704,0.693481,2.378074,3.071555,86604,9747,39882,39882,2
airport95,1.210526,1.169157,0.658816,1.827973,91240,7671,28590,28590,2
airport94,1001.210526,1.694298,0.883330,2.577628,109310,8500,31443,31443,1
airport97,1001.105263,0.842927,1.411406,2.254333,69684,7532,29861,29861,2
grid14,1002.265664,4.352904,1.496133,5.849037,403910,13769,28159,28159,0
airport99,6001.000000,1.216002,0.699786,1.915788,95830,7859,29091,29091,2
airport98,1.681704,1.033369,1.520032,2.553401,88444,8459,32758,32758,1
airport9,2.388471,0.985988,1.727379,2.713367,124309,9934,37622,37622,1
airport94,1001.157895,1.199284,1.234446,2.433730,109334,8524,31479,31479,2
grid13,2.872180,6.022865,2.269261,8.292126,443206,14969,31146,31146,0
grid18,1002.508772,4.717519,1.730542,6.448061,403654,13738,28266,28266,0
airport98,1.681704,1.353655,2.003783,3.357438,88462,8477,32785,32785,2
grid19,3008.478697,5.646083,1.969594,7.615677,439578,14645,30387,30387,0
grid23,1001.771930,3.374268,1.231190,4.605458,362336,13478,27408,27408,0
grid22,3001.250627,5.384520,1.198605,6.583125,477276,15274,31409,31409,0
airport9,3.967419,1.349490,3.506100,4.855590,124317,9942,37634,37634,2
grid11,2.157895,4.002971,0.821185,4.824156,431307,14248,29549,29549,0
grid18,1002.403509,4.946875,2.163366,7.110241,403688,13772,28317,28317,1
grid14,1002.476190,4.833857,3.181089,8.014946,403934,13793,28195,28195,1
grid14,1002.423559,4.439266,2.050650,6.489916,403952,13811,28222,28222,2
grid13,5.696742,3.594761,4.526078,8.120839,443218,14981,31164,31164,1
grid12,1003.791980,5.191358,1.666528,6.857886,432353,14874,30731,30731,0
grid23,1001.614035,5.543288,1.553136,7.096424,362372,13514,27462,27462,1
grid19,3006.471178,4.972609,2.966621,7.939230,439658,14725,30507,30507,2
grid18,1002.035088,5.812486,2.123031,7.935517,403718,13802,28362,28362,2
grid23,1001.456140,4.925285,1.200327,6.125612,362402,13544,27507,27507,2
grid22,3001.408521,5.858902,1.810451,7.669353,477296,15294,31439,31439,1
grid19,3008.110276,5.534572,4.233478,9.768050,439618,14685,30447,30447,1
grid13,6.591479,5.953394,4.309490,10.262884,443228,14991,31179,31179,2
grid21,4005.456140,5.349845,2.129880,7.479725,434259,13719,28573,28573,0
grid17,1004.037594,4.558853,2.304827,6.863680,469265,16306,34111,34111,0
grid16,4003.002506,3.944702,2.131788,6.076490,464124,14957,30876,30876,0
grid26,1008.383459,4.351807,4.903438,9.255245,408181,15164,31748,31748,0
grid20,2.020050,5.010240,1.660792,6.671032,441706,14900,30713,30713,0
grid22,3001.671679,4.479964,1.887445,6.367409,477310,15308,31460,31460,2
grid24,2.699248,3.934733,1.026300,4.961033,407024,15015,31103,31103,0
grid11,1.526316,4.865068,0.815202,5.680270,431357,14298,29624,29624,1
grid11,1.684211,4.627857,0.703352,5.331209,431409,14350,29702,29702,2
grid10,0.000000,4.433675,1.192983,5.626658,441612,15079,31250,31250,0
grid15,2.428571,5.348934,2.819857,8.168791,472006,15883,32750,32750,0
grid12,1003.791980,5.167468,2.322902,7.490370,432359,14880,30740,30740,1
grid0,2004.864662,5.335831,3.763935,9.099766,416205,13109,27157,27157,0
grid26,1007.839599,3.232401,3.819328,7.051729,408233,15216,31826,31826,1
grid20,2.230576,5.058419,1.890523,6.948942,441718,14912,30731,30731,1
grid17,1.526316,6.143139,0.991505,7.134644,469305,16346,34171,34171,1
grid27,0.842105,4.995119,0.767892,5.763011,452606,14883,31026,31026,0
grid17,1.368421,5.085838,0.669464,5.755302,469339,16380,34222,34222,2
grid16,4002.686717,4.596400,0.988093,5.584493,464198,15031,30987,30987,2
grid12,1003.897243,3.994392,2.368803,6.363195,432365,14886,30749,30749,2
grid24,2.751880,4.904693,0.996239,5.900932,407068,15059,31169,31169,1
grid21,4005.140351,4.861202,3.272699,8.133901,434301,13761,28636,28636,1
grid16,4002.897243,4.946520,1.941272,6.887792,464164,14997,30936,30936,1
grid1,1000.947368,6.020238,1.270508,7.290746,448379,15537,32444,32444,0
grid26,1007.523810,4.123423,4.807410,8.930833,408279,15262,31895,31895,2
grid20,2.230576,5.241279,2.485528,7.726807,441728,14922,30746,30746,2
grid25,2003.483709,4.907698,2.932276,7.839974,442938,15076,31423,31423,0
grid24,2.857143,4.371421,2.314770,6.686191,407110,15101,31232,31232,2
grid21,4005.192982,3.833527,2.313183,6.146710,434341,13801,28696,28696,2
grid0,1001.631579,6.302465,1.722278,8.024743,416233,13137,27199,27199,1
grid10,0.263158,4.894870,1.753811,6.648681,441626,15093,31271,31271,1
grid15,2.270677,4.902002,2.214200,7.116202,472032,15909,32789,32789,1
grid27,0.578947,3.876541,1.172810,5.049351,452650,14927,31092,31092,1
grid0,1002.052632,5.864881,1.367824,7.232705,416257,13161,27235,27235,2
grid10,0.263158,5.658769,0.888381,6.547150,441632,15099,31280,31280,2
grid25,2003.378446,4.828720,1.255208,6.083928,442968,15106,31468,31468,1
grid15,2.165414,4.671780,1.741724,6.413504,472056,15933,32825,32825,2
grid31,1.789474,4.024142,0.352118,4.376260,399986,13666,28046,28046,0
grid1,1001.052632,5.384043,1.084146,6.468189,448419,15577,32504,32504,1
grid30,1002.631579,4.431580,1.381127,5.812707,431428,14270,29560,29560,0
grid1,1000.947368,4.027211,1.103571,5.130782,448457,15615,32561,32561,2
grid25,1001.052632,5.849470,1.694462,7.543932,442996,15134,31510,31510,2
grid27,0.421053,6.876885,0.928344,7.805229,452694,14971,31158,31158,2
grid28,5.263158,4.486656,3.214715,7.701371,471119,15932,33159,33159,0
grid30,1002.578947,5.268959,1.106331,6.375290,431512,14354,29686,29686,2
grid31,1.578947,3.937531,0.558046,4.495577,400034,13714,28118,28118,1
grid30,1002.526316,3.905641,1.156438,5.062079,431472,14314,29626,29626,1
grid36,2002.000000,4.214374,0.804343,5.018717,409976,14076,28983,28983,0
grid34,1007.340852,5.633939,1.872628,7.506567,470082,16241,33899,33899,0
grid31,1.421053,4.182365,0.514618,4.696983,400082,13762,28190,28190,2
grid38,8002.576441,3.753465,1.507275,5.260740,451640,14745,30604,30604,0
grid2,3.388471,5.314186,2.824456,8.138642,440700,15823,32736,32736,0
grid40,1.210526,4.135065,1.512125,5.647190,424058,14541,29777,29777,0
grid28,3.325815,5.574781,1.230155,6.804936,471201,16014,33282,33282,2
grid28,3.010025,7.070189,2.587997,9.658186,471159,15972,33219,33219,1
grid41,1008.208020,4.615061,1.478137,6.093198,451649,15041,31712,31712,0
grid29,1007.110276,5.523980,5.533495,11.057475,475876,15074,31707,31707,0
grid36,1.894737,4.695056,0.662836,5.357892,410016,14116,29043,29043,1
grid34,1007.130326,6.617653,1.991594,8.609247,470110,16269,33941,33941,1
grid29,1002.263158,5.236927,1.778732,7.015659,475896,15094,31737,31737,2
grid34,1004.734336,5.111822,2.510059,7.621881,470136,16295,33980,33980,2
grid36,1.684211,4.179712,0.538154,4.717866,410056,14156,29103,29103,2
grid42,0.000000,5.549384,1.848269,7.397653,420520,14638,30255,30255,0
grid2,3.388471,3.981433,3.170751,7.152184,440712,15835,32754,32754,2
grid2,3.388471,4.944306,3.927523,8.871829,440706,15829,32745,32745,1
grid35,1003.235589,3.643125,1.294226,4.937351,401524,13724,28246,28246,0
grid38,8002.313283,5.506699,2.173226,7.679925,451684,14789,30670,30670,1
grid29,1007.110276,6.598398,3.871564,10.469962,475886,15084,31722,31722,1
grid41,1009.576441,4.807955,1.685496,6.493451,451699,15091,31787,31787,1
grid37,3.270677,5.165514,1.157171,6.322685,431353,14466,29898,29898,0
grid40,1.368421,6.034086,2.472997,8.507083,424080,14563,29810,29810,1
grid40,1.368421,4.585546,1.460745,6.046291,424100,14583,29840,29840,2
grid42,0.526316,4.511717,1.207935,5.719652,420536,14654,30279,30279,1
grid41,1009.050125,6.084521,1.441320,7.525841,451743,15135,31853,31853,2
grid38,7001.631579,6.014001,1.060367,7.074368,451722,14827,30727,30727,2
grid45,1004.518797,5.500764,2.118727,7.619491,457748,16190,33705,33705,0
grid3,3003.253133,3.049951,2.398340,5.448291,363328,12906,26529,26529,0
grid46,1.157895,3.646002,1.002270,4.648272,418772,14610,29964,29964,0
grid32,5.177945,6.202707,2.583435,8.786142,442354,14314,29542,29542,0
grid47,5002.543860,5.341030,1.960120,7.301150,421060,14582,30442,30442,0
grid42,0.526316,4.489829,1.096360,5.586189,420544,14662,30291,30291,2
grid35,1002.972431,5.405038,1.106388,6.511426,401562,13762,28303,28303,1
grid33,2.661654,6.467923,2.666941,9.134864,408933,14788,30903,30903,0
grid39,9.456140,5.733974,3.201561,8.935535,442346,14381,30164,30164,0
grid37,3.323308,3.831036,1.278077,5.109113,431385,14498,29946,29946,1
grid43,2003.328321,3.586399,1.537280,5.123679,373621,13558,28138,28138,0
grid32,4.967419,3.768488,2.437001,6.205489,442436,14396,29665,29665,2
grid45,4.914787,4.855983,2.406228,7.262211,457830,16272,33828,33828,2
grid33,2.293233,3.728792,1.656575,5.385367,408975,14830,30966,30966,1
grid45,4.756892,7.185365,2.445839,9.631204,457788,16230,33765,33765,1
grid32,5.125313,4.793406,2.651253,7.444659,442396,14356,29605,29605,1
grid46,1.368421,4.563184,0.913803,5.476987,418836,14674,30060,30060,2
grid35,1002.709273,5.510541,2.051801,7.562342,401596,13796,28354,28354,2
grid3,3004.411028,4.285694,1.757654,6.043348,363370,12948,26592,26592,1
grid46,1.473684,6.542179,1.014540,7.556719,418806,14644,30015,30015,1
grid47,5003.228070,4.362397,1.584901,5.947298,421108,14630,30514,30514,1
grid3,3004.095238,3.773305,3.389715,7.163020,363408,12986,26649,26649,2
grid33,2.293233,4.666445,2.676930,7.343375,409019,14874,31032,31032,2
grid47,5002.754386,5.284252,1.018683,6.302935,421152,14674,30580,30580,2
grid39,9.192982,5.278056,4.460520,9.738576,442386,14421,30224,30224,1
grid44,1009.679198,4.079482,2.440375,6.519857,473930,15091,31379,31379,1
grid44,1009.929825,6.946563,6.066540,13.013103,473886,15047,31313,31313,0
grid4,0.468672,4.164056,1.506994,5.671050,387995,14538,29617,29617,0
grid39,8.977444,5.332717,3.327211,8.659928,442426,14461,30284,30284,2
grid43,2003.223058,4.601525,2.434863,7.036388,373659,13596,28195,28195,1
grid37,3.218045,3.820289,1.248488,5.068777,431411,14524,29985,29985,2
grid43,2003.275689,3.684825,2.165995,5.850820,373695,13632,28249,28249,2
grid44,1005.711779,7.249565,3.627950,10.877515,473970,15131,31439,31439,2
grid52,1.263158,3.532091,0.598047,4.130138,401186,13726,28209,28209,0
grid51,0.669173,4.420631,1.446787,5.867418,402308,14240,29585,29585,0
grid4,0.468672,4.372309,1.457111,5.829420,388009,14552,29638,29638,1
grid4,0.468672,4.063711,1.447168,5.510879,388021,14564,29656,29656,2
grid50,1.330827,5.169435,1.901883,7.071318,495086,15966,33320,33320,0
grid49,0.684211,4.333350,1.989795,6.323145,408010,14506,29764,29764,0
grid53,1005.659148,4.471086,2.560815,7.031901,460742,15588,32535,32535,0
grid48,1.736842,6.085630,1.451554,7.537184,485884,15555,32945,32945,0
grid56,3002.263158,3.387429,0.774600,4.162029,394103,13060,26964,26964,0
grid58,1005.388471,4.744090,2.065714,6.809804,462164,14999,31103,31103,0
grid52,2.052632,3.867582,0.598644,4.466226,401230,13770,28275,28275,1
grid48,0.947368,5.875342,0.737925,6.613267,485966,15637,33068,33068,2
grid51,1.248120,3.267631,1.532683,4.800314,402342,14274,29636,29636,2
grid48,1.263158,5.134695,1.041280,6.175975,485926,15597,33008,33008,1
grid54,1002.957393,5.650878,1.192538,6.843416,370454,13613,28050,28050,0
grid60,1.263158,5.285791,2.336823,7.622614,508202,16057,33646,33646,0
grid51,0.774436,4.699506,1.327954,6.027460,402326,14258,29612,29612,1
grid52,1.736842,5.866212,0.511668,6.377880,401268,13808,28332,28332,2
grid54,2.000000,4.226193,1.214768,5.440961,370534,13693,28170,28170,2
grid58,1005.598997,4.415742,1.341847,5.757589,462188,15023,31139,31139,1
grid49,0.894737,4.306175,1.494017,5.800192,408082,14578,29872,29872,2
grid49,0.473684,4.802023,0.556137,5.358160,408046,14542,29818,29818,1
grid53,1003.105263,4.557775,1.624177,6.181952,460792,15638,32610,32610,1
grid50,1.436090,5.248049,2.248757,7.496806,495114,15994,33362,33362,2
grid54,2.263158,5.058696,1.403710,6.462406,370496,13655,28113,28113,1
grid56,3001.842105,4.963226,0.825666,5.788892,394189,13146,27093,27093,2
grid50,1.278195,6.407360,1.992816,8.400176,495100,15980,33341,33341,1
grid56,3001.842105,6.015639,1.011330,7.026969,394145,13102,27027,27027,1
grid53,1003.157895,5.488964,1.483855,6.972819,460840,15686,32682,32682,2
grid55,1.097744,4.744879,2.423869,7.168748,464124,14681,30388,30388,0
grid60,1.263158,5.471646,2.110988,7.582634,508226,16081,33682,33682,1
grid60,1.263158,5.185374,1.380864,6.566238,508244,16099,33709,33709,2
grid58,1005.809524,5.935634,2.122289,8.057923,462208,15043,31169,31169,2
grid55,1.255639,4.737430,2.066692,6.804122,464140,14697,30412,30412,1
grid5,1001.000000,5.538029,0.840291,6.378320,435099,13631,28306,28306,0
grid59,8001.052632,6.059622,1.303707,7.363329,409433,15349,31941,31941,0
grid62,4001.907268,6.161165,1.497939,7.659104,430053,14832,30519,30519,0
grid63,4007.047619,3.740873,2.704727,6.445600,416390,15023,31033,31033,0
grid61,4.027569,5.676376,1.760578,7.436954,442100,14993,30877,30877,0
grid57,1000.000000,4.036070,0.689728,4.725798,473363,15422,32319,32319,0
grid55,1.729323,5.495525,2.192034,7.687559,464154,14711,30433,30433,2
grid5,1.263158,4.705403,0.842370,5.547773,435141,13673,28369,28369,1
grid5,1.052632,3.666401,0.863093,4.529494,435181,13713,28429,28429,2
grid59,10001.105263,5.857107,1.288574,7.145681,409467,15383,31992,31992,1
grid59,6000.842105,4.269684,0.812208,5.081892,409495,15411,32034,32034,2
grid65,0.789474,5.625636,1.664464,7.290100,439110,15695,32300,32300,0
grid64,0.052632,5.462128,0.775909,6.238037,441038,14978,31145,31145,0
grid62,4001.644110,5.331943,1.053598,6.385541,430091,14870,30576,30576,1
grid69,1.413534,4.370153,0.991001,5.361154,439986,15262,31692,31692,0
grid61,3.817043,4.480647,2.020583,6.501230,442132,15025,30925,30925,1
grid6,7001.731830,5.085870,1.222424,6.308294,412127,13591,28058,28058,0
grid63,4007.152882,4.309226,3.281874,7.591100,416442,15075,31111,31111,1
grid62,4002.065163,4.574932,1.761851,6.336783,430131,14910,30636,30636,2
grid61,3.817043,6.385306,5.886699,12.272005,442164,15057,30973,30973,2
grid57,1000.526316,5.289331,2.412361,7.701692,473387,15446,32355,32355,1
grid57,1000.631579,5.181272,0.681909,5.863181,473403,15462,32379,32379,2
grid65,0.894737,4.921515,1.899385,6.820900,439136,15721,32339,32339,1
grid64,0.000000,4.753143,1.499036,6.252179,441052,14992,31166,31166,1
grid67,2003.052632,4.292824,3.447191,7.740015,370803,13752,28441,28441,0
grid65,1.263158,5.402517,2.134775,7.537292,439160,15745,32375,32375,2
grid69,2.150376,6.407659,1.890165,8.297824,440072,15348,31821,31821,2
grid63,4005.010025,4.681592,3.084432,7.766024,416490,15123,31183,31183,2
grid69,1.097744,5.191859,1.994330,7.186189,440028,15304,31755,31755,1
grid6,6002.210526,5.634227,0.688572,6.322799,412215,13679,28190,28190,2
grid6,7001.947368,4.580740,0.537914,5.118654,412171,13635,28124,28124,1
grid68,1.208020,6.268530,1.348101,7.616631,432435,14563,30140,30140,0
grid64,0.000000,5.841175,1.340920,7.182095,441062,15002,31181,31181,2
grid66,8001.817043,4.840868,1.584055,6.424923,485482,15218,31774,31774,0
grid66,7003.370927,5.675380,1.228036,6.903416,485524,15260,31837,31837,1
grid71,1.000000,5.922465,0.632615,6.555080,441296,14867,31032,31032,0
grid75,8001.473684,6.385109,1.157939,7.543048,461046,15866,32999,32999,0
grid66,7003.055138,4.924418,1.137652,6.062070,485560,15296,31891,31891,2
grid67,2002.736842,4.949688,2.262635,7.212323,370841,13790,28498,28498,1
grid68,1.208020,4.418245,1.105767,5.524012,432471,14599,30194,30194,2
grid67,2002.789474,4.779554,2.401589,7.181143,370881,13830,28558,28558,2
grid70,7.057644,6.363846,3.166290,9.530136,429354,14907,30767,30767,0
grid75,6001.421053,4.871500,1.777305,6.648805,461084,15904,33056,33056,1
grid78,1.959900,4.467241,0.913652,5.380893,374860,13822,28594,28594,0
grid68,1.313283,4.895298,1.445538,6.340836,432455,14583,30170,30170,1
grid72,4003.020050,5.085686,2.219287,7.304973,474919,15083,31578,31578,0
grid75,4001.210526,5.365442,0.842522,6.207964,461114,15934,33101,33101,2
grid74,1000.578947,4.796760,1.378067,6.174827,460480,15652,32557,32557,0
grid73,2.263158,5.058231,2.342045,7.400276,440336,15087,31054,31054,0
grid71,0.684211,5.711215,0.718318,6.429533,441370,14941,31143,31143,2
grid71,0.684211,4.729604,0.711040,5.440644,441334,14905,31089,31089,1
grid78,1.749373,4.193187,1.441579,5.634766,374890,13852,28639,28639,1
grid78,1.591479,3.727129,1.888327,5.615456,374918,13880,28681,28681,2
grid84,1002.022556,4.174095,1.151985,5.326080,430224,14849,30842,30842,0
grid70,4.646617,5.549854,2.730062,8.279916,429436,14989,30890,30890,2
grid72,4003.283208,4.972227,1.485914,6.458141,474959,15123,31638,31638,1
grid76,9001.368421,4.638099,1.288786,5.926885,431120,14368,29827,29827,0
grid70,4.383459,3.463223,3.356428,6.819651,429394,14947,30827,30827,1
grid74,1000.315789,4.809421,1.582146,6.391567,460516,15688,32611,32611,1
grid7,1004.107769,5.135383,3.532902,8.668285,504854,15831,33150,33150,0
grid77,5005.185464,5.051862,1.586510,6.638372,504432,16561,34972,34972,0
grid73,2.263158,5.062561,2.971750,8.034311,440348,15099,31072,31072,1
grid76,9001.263158,4.738545,2.178164,6.916709,431146,14394,29866,29866,1
grid73,2.842105,3.835889,1.818781,5.654670,440358,15109,31087,31087,2
grid74,1000.157895,5.267356,0.643026,5.910382,460546,15718,32656,32656,2
grid72,4003.388471,5.164492,3.494664,8.659156,474997,15161,31695,31695,2
grid77,5004.869674,5.817409,1.399375,7.216784,504530,16659,35119,35119,2
grid77,5005.238095,7.079865,0.941432,8.021297,504482,16611,35047,35047,1
grid7,4.448622,5.130565,2.294773,7.425338,504894,15871,33210,33210,1
grid80,1.609023,4.318984,1.232349,5.551333,388840,14599,30099,30099,0
grid76,7002.368421,6.063784,1.883378,7.947162,431170,14418,29902,29902,2
grid84,1002.443609,4.725521,1.135669,5.861190,430254,14879,30887,30887,1
grid79,2.368421,4.874126,2.341365,7.215491,449273,15179,31334,31334,0
grid83,2.080201,4.372094,2.071339,6.443433,408234,15159,31278,31278,0
grid7,5.080201,5.886787,1.729716,7.616503,504934,15911,33270,33270,2
grid84,1002.285714,4.289814,1.210967,5.500781,430276,14901,30920,30920,2
grid85,6.165414,4.652256,2.695797,7.348053,412282,13812,28637,28637,0
grid79,2.368421,5.759007,1.477049,7.236056,449309,15215,31388,31388,1
grid80,2.293233,3.821951,2.448409,6.270360,388878,14637,30156,30156,1
grid81,1.052632,6.003055,0.795870,6.798925,480728,15818,33064,33064,0
grid82,0.759398,4.889979,0.764971,5.654950,442120,14667,30410,30410,0
grid79,2.210526,5.766744,1.829505,7.596249,449341,15247,31436,31436,2
grid87,4.275689,4.514259,2.250462,6.764721,423324,14391,29766,29766,0
grid80,2.819549,5.191083,3.080467,8.271550,388912,14671,30207,30207,2
grid83,2.659148,3.890315,2.575012,6.465327,408248,15173,31299,31299,2
grid95,3001.526316,3.983550,0.674820,4.658370,433754,13403,27476,27476,0
grid81,1.105263,5.910410,0.907161,6.817571,480772,15862,33130,33130,1
grid83,2.080201,5.652845,3.856003,9.508848,408242,15167,31290,31290,1
grid81,1.368421,4.817817,0.797359,5.615176,480814,15904,33193,33193,2
grid93,1001.503759,4.348612,1.921368,6.269980,495803,15889,33058,33058,0
grid94,1004.248120,4.497966,2.200429,6.698395,422602,14188,29392,29392,0
grid85,6.639098,5.720804,2.646817,8.367621,412330,13860,28709,28709,1
grid88,1.090226,4.231646,1.187889,5.419535,432891,14743,30723,30723,0
grid87,4.696742,3.995665,2.559528,6.555193,423402,14469,29883,29883,2
grid82,0.601504,5.687505,1.045209,6.732714,442154,14701,30461,30461,1
grid8,0.157895,3.749731,1.298333,5.048064,412300,14481,29815,29815,0
grid82,0.443609,4.056680,0.780050,4.836730,442188,14735,30512,30512,2
grid86,1010.834586,5.449108,6.932339,12.381447,496088,15081,31583,31583,0
grid85,6.586466,4.336992,4.213403,8.550395,412372,13902,28772,28772,2
grid95,3001.210526,4.397368,0.698702,5.096070,433792,13441,27533,27533,1
grid87,4.223058,4.359470,4.364164,8.723634,423362,14429,29823,29823,1
grid93,1.263158,5.346502,1.091780,6.438282,495829,15915,33097,33097,1
grid93,1.105263,4.757617,1.200080,5.957697,495849,15935,33127,33127,2
grid91,3.884712,5.002019,1.113294,6.115313,459602,15266,31677,31677,0
grid94,1004.879699,5.385164,1.275324,6.660488,422648,14234,29461,29461,1
grid88,0.879699,4.639476,1.186143,5.825619,432923,14775,30771,30771,1
grid89,6.992481,4.103016,3.907928,8.010944,445314,14266,29888,29888,0
grid88,1.142857,4.161149,1.104068,5.265217,432955,14807,30819,30819,2
grid90,2004.165414,4.644627,2.043394,6.688021,435352,14221,29870,29870,0
grid92,1006.842105,5.633129,2.584876,8.218005,431194,14218,29350,29350,0
grid97,1003.771930,4.002939,1.400957,5.403896,401484,13100,26992,26992,0
grid8,0.105263,4.600533,1.535307,6.135840,412320,14501,29845,29845,1
grid94,1004.458647,5.411851,2.131764,7.543615,422688,14274,29521,29521,2
grid8,0.052632,4.245458,1.974424,6.219882,412336,14517,29869,29869,2
grid89,6.466165,4.173443,1.973799,6.147242,445394,14346,30008,30008,2
grid99,1001.363409,4.478775,2.087951,6.566726,410748,14422,29675,29675,0
grid98,4006.260652,4.318544,2.024260,6.342804,398840,13845,28487,28487,0
grid90,2004.323308,3.579174,1.062690,4.641864,435388,14257,29924,29924,1
grid97,2.473684,3.579356,0.960635,4.539991,401572,13188,27124,27124,2
grid97,2.052632,4.294480,0.804813,5.099293,401528,13144,27058,27058,1
grid86,1010.571429,6.780176,5.534182,12.314358,496132,15125,31649,31649,1
grid90,2004.902256,4.391168,1.551905,5.943073,435426,14295,29981,29981,2
grid86,1011.097744,5.105989,8.330353,13.436342,496174,15167,31712,31712,2
grid95,3001.894737,4.777310,0.834475,5.611785,433834,13483,27596,27596,2
grid91,3.621554,4.457004,1.146736,5.603740,459644,15308,31740,31740,1
grid89,6.624060,3.923701,4.575781,8.499482,445354,14306,29948,29948,1
grid92,1006.315789,5.407135,2.551754,7.958889,431240,14264,29419,29419,1
grid92,1005.842105,4.262089,2.176690,6.438779,431286,14310,29488,29488,2
grid91,4.095238,4.948223,3.275692,8.223915,459688,15352,31806,31806,2
grid98,4006.050125,4.103097,2.394183,6.497280,398890,13895,28562,28562,1
grid99,1001.573935,5.030100,2.094440,7.124540,410786,14460,29732,29732,1
grid96,2.862155,3.486472,3.132285,6.618757,391564,14266,29362,29362,0
grid98,4005.944862,3.985179,1.745311,5.730490,398940,13945,28637,28637,2
grid99,1001.468672,4.316512,1.487007,5.803519,410816,14490,29777,29777,2
metroplex13,2.263158,5.371181,1.336571,6.707752,475470,10445,36466,36466,0
metroplex11,3009.984962,7.117282,4.864833,11.982115,508450,11973,43453,43453,0
grid96,2.862155,3.712529,1.408822,5.121351,391622,14324,29449,29449,2
grid96,2.704261,4.637643,1.732248,6.369891,391594,14296,29407,29407,1
metroplex15,1002.476190,6.794724,2.429840,9.224564,581433,11894,42335,42335,0
metroplex13,1.842105,5.273587,1.625246,6.898833,475508,10483,36523,36523,1
metroplex16,1003.609023,7.317642,2.421515,9.739157,498711,11314,40648,40648,0
metroplex11,3007.110276,5.709883,1.786184,7.496067,508518,12041,43555,43555,2
metroplex17,5004.568922,5.459938,2.847607,8.307545,498161,12700,47283,47283,0
metroplex11,3007.373434,5.756399,2.550843,8.307242,508486,12009,43507,43507,1
metroplex0,2.052632,7.867361,1.947956,9.815317,485937,10739,38004,38004,0
grid9,1.120301,4.953221,1.859545,6.812766,429083,15263,31448,31448,0
metroplex15,1003.213033,6.180852,1.977905,8.158757,581467,11928,42386,42386,1
metroplex13,1.526316,5.115106,1.591318,6.706424,475546,10521,36580,36580,2
metroplex15,1003.213033,6.677383,1.868368,8.545751,581497,11958,42431,42431,2
metroplex16,1003.766917,5.700761,4.631931,10.332692,498751,11354,40708,40708,1
metroplex17,4002.789474,5.083096,2.497590,7.580686,498235,12774,47394,47394,2
metroplex16,1003.082707,5.799809,1.955145,7.754954,498791,11394,40768,40768,2
metroplex17,4002.947368,6.910877,2.700749,9.611626,498201,12740,47343,47343,1
grid9,1.278195,4.621554,1.615104,6.236658,429091,15271,31460,31460,1
metroplex0,2.000000,4.789434,1.628612,6.418046,485977,10779,38064,38064,1
metroplex14,1002.791980,4.493482,1.646844,6.140326,449277,11106,39539,39539,0
metroplex24,5.578947,5.371969,1.518229,6.890198,540062,12511,45764,45764,0
metroplex26,1007.025063,5.054130,1.713025,6.767155,470690,11425,41399,41399,0
metroplex0,2.263158,5.123711,1.444363,6.568074,486019,10821,38127,38127,2
metroplex19,1009.513784,4.734607,3.932674,8.667281,464050,10585,37406,37406,0
grid9,1.278195,4.665045,3.205676,7.870721,429097,15277,31469,31469,2
metroplex14,1002.897243,5.215843,1.721478,6.937321,449349,11178,39647,39647,2
metroplex14,1002.634085,4.887033,1.724391,6.611424,449315,11144,39596,39596,1
metroplex19,1003.684211,4.960303,1.882779,6.843082,464086,10621,37460,37460,1
metroplex18,11.784461,6.182674,2.510087,8.692761,499305,11677,42481,42481,0
metroplex26,1006.867168,4.951956,1.782087,6.734043,470734,11469,41465,41465,1
metroplex24,5.421053,6.087228,2.239483,8.326711,540110,12559,45836,45836,1
metroplex10,8.025063,7.022980,3.836363,10.859343,484885,11724,41639,41639,0
metroplex25,2.578947,4.753227,0.827161,5.580388,465048,10162,36090,36090,0
metroplex19,1004.473684,6.287847,1.999598,8.287445,464126,10661,37520,37520,2
metroplex20,2.553885,5.744865,3.899255,9.644120,522421,12033,43551,43551,0
metroplex24,4.894737,6.711690,2.124939,8.836629,540152,12601,45899,45899,2
metroplex23,3.365915,5.271064,1.975824,7.246888,509916,11451,41420,41420,0
metroplex1,4003.814536,5.942984,2.371716,8.314700,589424,13167,48138,48138,0
metroplex26,10.072682,5.755475,3.982687,9.738162,470782,11517,41537,41537,2
metroplex12,1.684211,7.646619,1.694474,9.341093,583683,12871,47583,47583,0
metroplex18,16.315789,5.949790,4.497968,10.447758,499353,11725,42553,42553,2
metroplex25,2.684211,4.206628,1.282362,5.488990,465098,10212,36165,36165,1
metroplex25,3.052632,4.761873,0.807391,5.569264,465150,10264,36243,36243,2
metroplex18,11.889724,7.293426,5.047327,12.340753,499329,11701,42517,42517,1
metroplex20,2.922306,4.407863,3.130974,7.538837,522435,12047,43572,43572,1
metroplex23,3.313283,4.422301,1.796182,6.218483,509992,11527,41534,41534,2
metroplex23,3.629073,5.560014,1.826632,7.386646,509954,11489,41477,41477,1
metroplex1,4004.182957,5.818837,2.644634,8.463471,589464,13207,48198,48198,1
metroplex28,1000.536341,6.565872,3.041917,9.607789,564462,13328,48583,48583,0
metroplex20,3.869674,6.005798,3.804486,9.810284,522447,12059,43590,43590,2
metroplex21,2009.583960,5.772578,6.229351,12.001929,545066,11479,40973,40973,1
metroplex12,1.947368,5.850785,1.537453,7.388238,583713,12901,47628,47628,1
metroplex10,6.298246,5.594914,3.978817,9.573731,484917,11756,41687,41687,2
metroplex12,2.105263,7.231258,2.313655,9.544913,583741,12929,47670,47670,2
metroplex21,2009.952381,5.207157,6.848823,12.055980,545110,11523,41039,41039,2
metroplex1,4004.393484,7.240719,3.298337,10.539056,589498,13241,48249,48249,2
metroplex10,8.761905,5.264496,4.291272,9.555768,484905,11744,41669,41669,1
metroplex21,2013.741855,5.523154,12.250237,17.773391,545026,11439,40913,40913,0
metroplex27,2003.390977,5.760388,1.514989,7.275377,458620,11508,41558,41558,0
metroplex22,1004.448622,6.850176,5.380510,12.230686,591072,13406,48890,48890,2
metroplex28,1000.799499,6.180953,3.768114,9.949067,564480,13346,48610,48610,1
metroplex28,1000.746867,7.004932,2.162460,9.167392,564492,13358,48628,48628,2
metroplex33,1011.894441,7.638709,4.142385,11.781094,564590,12634,45877,45877,0
metroplex27,2002.917293,4.709050,1.735851,6.444901,458664,11552,41624,41624,1
metroplex27,2002.548872,5.991178,1.237250,7.228428,458704,11592,41684,41684,2
metroplex33,1011.473388,6.627050,3.478247,10.105297,564624,12668,45928,45928,1
metroplex29,1003.080201,5.680786,5.116051,10.796837,540761,12610,45481,45481,0
metroplex32,1004.137845,4.134186,1.810461,5.944647,478697,10553,37501,37501,0
metroplex35,2.000000,4.916125,1.395018,6.311143,462226,10601,37286,37286,0
metroplex2,4.944862,4.965551,2.476937,7.442488,534309,11331,40611,40611,0
metroplex33,11.395102,6.014975,6.630368,12.645343,564660,12704,45982,45982,2
metroplex32,1003.453634,5.443510,1.350700,6.794210,478733,10589,37555,37555,1
metroplex2,4.892231,5.329161,1.540289,6.869450,534345,11367,40665,40665,1
metroplex32,1004.190476,6.045140,1.658310,7.703450,478773,10629,37615,37615,2
metroplex29,1003.080201,5.980623,2.236775,8.217398,540777,12626,45505,45505,1
metroplex31,2008.197995,5.917405,5.005600,10.923005,501637,10989,39583,39583,0
metroplex34,0.894737,5.554413,1.712264,7.266677,511246,11498,41334,41334,0
metroplex29,1003.974937,6.812626,5.175484,11.988110,540791,12640,45526,45526,2
metroplex35,2.105263,6.125199,0.900839,7.026038,462270,10645,37352,37352,1
metroplex31,2007.566416,7.532927,2.038545,9.571472,501671,11023,39634,39634,1
metroplex22,1004.080201,5.343828,4.175677,9.519505,591030,13364,48827,48827,0
metroplex2,5.365915,5.220760,2.278327,7.499087,534381,11403,40719,40719,2
metroplex37,1.000000,5.191821,1.613266,6.805087,550432,13304,48817,48817,0
metroplex31,2007.934837,5.375615,2.835043,8.210658,501709,11061,39691,39691,2
metroplex35,2.052632,4.851160,1.583580,6.434740,462310,10685,37412,37412,2
metroplex30,2002.967419,4.907150,1.340102,6.247252,579349,13056,48048,48048,2
metroplex36,2004.684211,5.242994,2.733586,7.976580,542884,12193,44214,44214,0
metroplex30,2002.809524,6.385644,1.640709,8.026353,579301,13008,47976,47976,1
metroplex22,1004.238095,4.907708,3.708439,8.616147,591052,13386,48860,48860,1
metroplex30,5005.330827,8.124205,2.471339,10.595544,579255,12962,47907,47907,0
metroplex39,1003.403509,4.028246,1.592966,5.621212,494225,12418,45958,45958,0
metroplex41,0.368421,4.520262,3.483043,8.003305,551810,13219,48264,48264,0
metroplex36,2003.954887,5.383680,1.498073,6.881753,542956,12265,44322,44322,2
metroplex36,2004.736842,5.381251,2.785484,8.166735,542922,12231,44271,44271,1
metroplex34,1.105263,7.343797,2.045364,9.389161,511278,11530,41382,41382,1
metroplex34,1.315789,7.432718,1.195748,8.628466,511306,11558,41424,41424,2
metroplex45,1002.784461,7.320452,1.852781,9.173233,482293,11878,42411,42411,0
metroplex43,3.052632,4.932574,1.279587,6.212161,478483,10443,37339,37339,0
metroplex41,0.578947,4.340916,2.387228,6.728144,551830,13239,48294,48294,1
metroplex37,1.000000,4.399240,2.717719,7.116959,550486,13358,48898,48898,2
metroplex37,1.157895,4.361258,2.762541,7.123799,550460,13332,48859,48859,1
metroplex38,4008.871884,5.313214,2.474327,7.787541,580721,12074,43494,43494,0
metroplex40,1001.000000,3.790817,1.556951,5.347768,463274,10920,38799,38799,0
metroplex45,1002.679198,5.051138,1.590618,6.641756,482321,11906,42453,42453,1
metroplex39,1003.140351,4.911542,1.819037,6.730579,494271,12464,46027,46027,1
metroplex45,1002.626566,4.587472,1.827328,6.414800,482343,11928,42486,42486,2
metroplex41,0.473684,5.409527,3.012509,8.422036,551842,13251,48312,48312,2
metroplex42,1002.150376,6.646508,1.466272,8.112780,585083,11907,42096,42096,0
metroplex39,1002.877193,5.979288,2.138701,8.117989,494311,12504,46087,46087,2
metroplex43,2.473684,4.658803,1.578750,6.237553,478563,10523,37459,37459,2
metroplex44,3007.429893,4.382447,1.317524,5.699971,456066,10087,34959,34959,0
metroplex43,2.631579,6.160680,1.913702,8.074382,478523,10483,37399,37399,1
metroplex3,1.686717,5.573007,1.856989,7.429996,576367,12714,45851,45851,0
metroplex40,1000.789474,4.994129,1.304553,6.298682,463304,10950,38844,38844,1
metroplex3,1.476190,4.984265,1.738180,6.722445,576405,12752,45908,45908,1
metroplex40,1001.263158,4.893722,1.814855,6.708577,463334,10980,38889,38889,2
metroplex38,4009.082411,5.371971,1.931015,7.302986,580763,12116,43557,43557,1
metroplex46,1007.323308,6.697288,5.714743,12.412031,592122,12913,46527,46527,2
metroplex38,4008.819253,5.294108,2.524696,7.818804,580803,12156,43617,43617,2
metroplex46,1007.428571,8.835926,2.713209,11.549135,592102,12893,46497,46497,1
metroplex42,1002.518797,4.714838,2.606702,7.321540,585123,11947,42156,42156,2
metroplex3,1.949875,8.695934,2.517610,11.213544,576443,12790,45965,45965,2
metroplex42,1002.518797,6.833601,1.747983,8.581584,585107,11931,42132,42132,1
metroplex44,3007.587788,5.326421,2.429076,7.755497,456096,10117,35004,35004,1
metroplex44,3007.688335,5.558385,1.711115,7.269500,456122,10143,35043,35043,2
metroplex4,1003.887218,4.970620,1.843376,6.813996,576899,12815,46342,46342,0
metroplex48,3.315789,3.981124,1.353670,5.334794,440281,11291,41697,41697,0
metroplex49,0.315789,5.417727,1.586948,7.004675,516198,11984,44411,44411,0
metroplex4,1003.992481,5.147571,3.158103,8.305674,576935,12851,46396,46396,1
metroplex49,0.631579,4.167013,1.398022,5.565035,516222,12008,44447,44447,1
metroplex4,1004.518797,6.229940,2.223255,8.453195,576967,12883,46444,46444,2
metroplex47,13.756892,4.220055,3.454765,7.674820,505464,13117,48510,48510,2
metroplex47,13.496241,5.686983,4.507068,10.194051,505412,13065,48432,48432,0
metroplex49,0.631579,5.326557,2.023419,7.349976,516242,12028,44477,44477,2
metroplex51,3.493734,4.147784,1.657291,5.805075,506852,11867,42308,42308,0
metroplex46,1015.353383,6.542553,27.890547,34.433100,592082,12873,46467,46467,0
metroplex50,1004.165388,6.814422,2.184151,8.998573,590463,13094,47488,47488,0
metroplex47,13.809524,6.903875,3.542001,10.445876,505440,13093,48474,48474,1
metroplex52,2015.295739,4.210554,2.457579,6.668133,523737,10944,38573,38573,2
metroplex60,1.210526,5.834761,3.554056,9.388817,535795,11883,42733,42733,0
metroplex52,2014.664160,5.562573,5.826913,11.389486,523661,10868,38459,38459,0
metroplex50,1004.954862,6.253880,2.675651,8.929531,590497,13128,47539,47539,2
metroplex50,1004.270651,5.949128,2.815317,8.764445,590481,13112,47515,47515,1
metroplex56,3005.050125,5.292572,2.296105,7.588677,531797,11521,40513,40513,0
metroplex48,2003.210526,6.112674,1.253605,7.366279,440323,11333,41760,41760,1
metroplex56,2001.210526,4.441717,1.683685,6.125402,531855,11579,40600,40600,2
metroplex51,9.994987,4.367551,4.385611,8.753162,506892,11907,42368,42368,2
metroplex52,2015.032581,5.482917,2.090571,7.573488,523701,10908,38519,38519,1
metroplex51,3.493734,6.978902,4.923746,11.902648,506874,11889,42341,42341,1
metroplex60,2004.959874,4.905839,3.259589,8.165428,535813,11901,42760,42760,1
metroplex58,4005.944862,4.819201,4.417715,9.236916,564485,12966,47289,47289,1
metroplex58,5007.972431,7.502922,10.968195,18.471117,564445,12926,47229,47229,0
metroplex57,0.684211,4.762502,1.979413,6.741915,566581,12567,45528,45528,0
metroplex60,2005.170400,4.357590,3.797045,8.154635,535825,11913,42778,42778,2
metroplex53,0.631579,5.867194,2.096135,7.963329,579285,12664,45450,45450,0
metroplex56,2001.421053,4.328661,1.526257,5.854918,531827,11551,40558,40558,1
metroplex55,4.235589,4.915052,2.724826,7.639878,530067,12868,48155,48155,0
metroplex53,1.157895,6.322139,2.273162,8.595301,579331,12710,45519,45519,2
metroplex58,4006.055138,5.846767,4.586299,10.433066,564523,13004,47346,47346,2
metroplex53,0.894737,4.723907,1.839190,6.563097,579311,12690,45489,45489,1
metroplex48,2003.578947,3.912909,1.092049,5.004958,440365,11375,41823,41823,2
metroplex57,0.842105,5.623972,1.333762,6.957734,566613,12599,45576,45576,1
metroplex55,4.288221,5.252075,1.945321,7.197396,530143,12944,48269,48269,2
metroplex59,8009.907268,6.145494,5.972045,12.117539,490611,10916,39383,39383,0
metroplex54,1001.210526,6.558037,2.832580,9.390617,603080,13271,48015,48015,0
metroplex55,4.340852,5.519565,3.361335,8.880900,530105,12906,48212,48212,1
metroplex59,8010.538847,5.051533,4.347544,9.399077,490643,10948,39431,39431,1
metroplex57,0.894737,5.969434,1.962937,7.932371,566643,12629,45621,45621,2
metroplex54,1001.421053,5.083201,2.836459,7.919660,603102,13293,48048,48048,2
metroplex54,1001.315789,6.253783,1.626222,7.880005,603094,13285,48036,48036,1
metroplex63,5004.213033,4.343133,1.212195,5.555328,542529,11990,43114,43114,0
metroplex5,2005.576441,4.204809,1.102427,5.307236,534317,11846,43236,43236,0
metroplex61,6.962406,4.335106,3.406627,7.741733,560870,12098,43718,43718,0
metroplex59,8010.644110,6.238856,4.569412,10.808268,490669,10974,39470,39470,2
metroplex5,2005.313283,4.131653,1.024374,5.156027,534355,11884,43293,43293,1
metroplex61,6.751880,4.280268,3.311919,7.592187,560898,12126,43760,43760,1
metroplex64,1.421053,4.356118,2.241827,6.597945,560478,11678,41722,41722,0
metroplex65,1012.308271,5.460311,2.475195,7.935506,601322,13510,50414,50414,0
metroplex63,5004.213033,4.242805,1.321612,5.564417,542561,12022,43162,43162,1
metroplex61,6.383459,4.307078,3.001980,7.309058,560920,12148,43793,43793,2
metroplex6,2.105263,3.773915,1.557390,5.331305,461876,11176,40017,40017,0
metroplex66,1012.365915,4.227224,2.624338,6.851562,543002,11619,41226,41226,0
metroplex63,5005.423559,5.648246,1.537748,7.185994,542597,12058,43216,43216,2
metroplex68,4.132832,3.952983,1.862612,5.815595,506292,11889,41804,41804,2
metroplex5,2005.365915,4.320760,1.757609,6.078369,534395,11924,43353,43353,2
metroplex68,4.739348,4.410421,1.438148,5.848569,506252,11849,41744,41744,0
metroplex6,1.842105,4.167360,1.111511,5.278871,461918,11218,40080,40080,1
metroplex68,4.080201,4.219340,2.286194,6.505534,506274,11871,41777,41777,1
metroplex6,1.631579,3.899852,1.187639,5.087491,461960,11260,40143,40143,2
metroplex65,1011.598997,4.962604,2.412640,7.375244,601412,13600,50549,50549,2
metroplex69,3002.684211,4.380317,1.851250,6.231567,541005,12205,43565,43565,2
metroplex69,4004.453634,4.576886,1.714934,6.291820,540931,12131,43454,43454,0
metroplex64,0.842105,4.883265,1.408228,6.291493,560534,11734,41806,41806,2
metroplex67,4008.887218,5.123207,1.420588,6.543795,512000,11172,40013,40013,0
metroplex64,1.000000,4.519007,0.767465,5.286472,560506,11706,41764,41764,1
metroplex66,1013.155388,4.531508,2.728175,7.259683,543044,11661,41289,41289,1
metroplex66,1012.786967,4.526404,2.415610,6.942014,543074,11691,41334,41334,2
metroplex73,2.070175,4.495039,1.487856,5.982895,519915,12009,43405,43405,0
metroplex69,4004.243108,4.438178,2.148733,6.586911,540969,12169,43511,43511,1
metroplex67,3004.473684,4.082395,1.679579,5.761974,512074,11246,40124,40124,2
metroplex67,4005.887218,4.209470,1.281849,5.491319,512036,11208,40067,40067,1
metroplex62,9.809524,4.670397,3.061758,7.732155,526861,13090,48493,48493,1
metroplex62,9.862155,4.487025,6.826557,11.313582,526819,13048,48430,48430,0
metroplex65,1012.045113,5.964177,2.997106,8.961283,601366,13554,50480,50480,1
metroplex71,1.578947,4.036402,1.894193,5.930595,500042,11255,40440,40440,0
metroplex71,1.473684,4.039752,1.086078,5.125830,500108,11321,40539,40539,2
metroplex74,1009.478697,3.731290,1.486271,5.217561,463582,11637,43046,43046,0
metroplex72,2.578947,4.280357,1.135291,5.415648,529647,12319,44439,44439,2
metroplex62,9.546366,4.311821,4.716515,9.028336,526899,13128,48550,48550,2
metroplex73,2.228070,4.024321,2.554506,6.578827,519953,12047,43462,43462,1
metroplex73,2.438596,4.052456,1.625411,5.677867,519987,12081,43513,43513,2
metroplex71,1.526316,3.862036,1.064563,4.926599,500074,11287,40488,40488,1
metroplex74,1010.426065,3.736801,2.124234,5.861035,463630,11685,43118,43118,1
metroplex76,3014.310481,4.604073,2.083808,6.687881,566787,12255,43921,43921,1
metroplex76,3014.877193,4.836701,4.410264,9.246965,566745,12213,43858,43858,0
metroplex72,1016.741855,4.448995,11.772832,16.221827,529569,12241,44322,44322,0
metroplex76,3013.784165,4.448656,2.556808,7.005464,566825,12293,43978,43978,2
metroplex70,1.947368,4.209383,0.952987,5.162370,533823,10963,38715,38715,0
metroplex74,1010.373434,3.706856,1.802335,5.509191,463672,11727,43181,43181,2
metroplex70,1.842105,4.207143,1.061194,5.268337,533865,11005,38778,38778,1
metroplex70,3.000000,4.238165,1.266621,5.504786,533915,11055,38853,38853,2
metroplex79,4.157895,4.051667,2.503939,6.555606,509162,12037,43496,43496,0
metroplex75,1013.954887,4.376527,3.285975,7.662502,546510,11285,40026,40026,0
metroplex75,1014.112782,4.379080,2.630551,7.009631,546546,11321,40080,40080,1
metroplex78,2.631579,3.699180,1.292229,4.991409,464816,10245,36178,36178,0
metroplex81,1006.639098,4.453921,1.499050,5.952971,569297,12047,43402,43402,0
metroplex75,1014.218045,4.476050,3.426343,7.902393,546580,11355,40131,40131,2
metroplex79,4.684211,4.013575,3.337630,7.351205,509210,12085,43568,43568,2
metroplex78,2.052632,3.633932,0.681389,4.315321,464856,10285,36238,36238,1
metroplex79,4.421053,4.137612,4.544573,8.682185,509188,12063,43535,43535,1
metroplex77,7.511278,4.072446,4.890334,8.962780,519712,12192,43729,43729,0
metroplex78,2.684211,3.623786,0.893232,4.517018,464898,10327,36301,36301,2
metroplex84,6008.265664,4.918205,2.037834,6.956039,579347,12162,43310,43310,0
metroplex81,1006.954887,4.664102,1.880534,6.544636,569337,12087,43462,43462,1
metroplex72,1016.373434,4.111321,17.901967,22.013288,529609,12281,44382,44382,1
metroplex7,1009.939850,4.220694,1.734424,5.955118,533489,11378,40633,40633,0
metroplex77,7.511278,4.753277,3.938460,8.691737,519724,12204,43747,43747,1
metroplex81,1006.481203,4.642501,2.293052,6.935553,569375,12125,43519,43519,2
metroplex86,1007.027569,4.150609,1.605801,5.756410,517277,11341,40403,40403,0
metroplex87,1004.398496,4.188224,2.390108,6.578332,513382,11163,38918,38918,2
metroplex77,7.721805,4.284710,4.975780,9.260490,519732,12212,43759,43759,2
metroplex84,6008.739348,4.666459,1.979170,6.645629,579419,12234,43418,43418,2
metroplex86,1007.922306,4.189691,1.471023,5.660714,517381,11445,40559,40559,2
metroplex86,1007.922306,4.218708,1.438075,5.656783,517329,11393,40481,40481,1
metroplex84,6008.581454,4.681092,2.194123,6.875215,579385,12200,43367,43367,1
metroplex85,2.052632,4.332377,1.585426,5.917803,532127,12571,47048,47048,0
metroplex85,2.315789,4.264502,1.378531,5.643033,532217,12661,47183,47183,2
metroplex7,1009.887218,4.185700,2.674298,6.859998,533561,11450,40741,40741,2
metroplex85,1.473684,4.412398,1.689642,6.102040,532171,12615,47114,47114,1
metroplex8,2010.235589,4.820510,1.994927,6.815437,606142,12877,46786,46786,0
metroplex7,1009.992481,4.416505,3.233848,7.650353,533527,11416,40690,40690,1
metroplex83,3.157895,4.014411,0.889192,4.903603,508758,11215,40338,40338,0
metroplex89,3.110276,4.284994,1.671023,5.956017,496728,11606,41266,41266,0
metroplex82,10.561404,4.740835,6.241642,10.982477,595710,12534,45288,45288,0
metroplex95,3007.809524,4.498118,1.436106,5.934224,544014,11958,43464,43464,0
metroplex88,8.844612,3.978356,3.414985,7.393341,494528,12016,43104,43104,0
metroplex95,3008.809524,4.362232,2.014254,6.376486,544096,12040,43587,43587,2
metroplex82,10.561404,4.827971,4.960002,9.787973,595738,12562,45330,45330,1
metroplex8,2010.130326,4.889322,3.566261,8.455583,606172,12907,46831,46831,1
metroplex87,2016.278195,4.144822,19.404507,23.549329,513362,11143,38888,38888,0
metroplex88,9.160401,4.192995,2.879424,7.072419,494556,12044,43146,43146,1
metroplex8,2009.972431,4.894352,4.063848,8.958200,606200,12935,46873,46873,2
metroplex89,3.162907,4.003617,2.400960,6.404577,496760,11638,41314,41314,2
metroplex88,9.213033,4.176713,2.831017,7.007730,494580,12068,43182,43182,2
metroplex89,3.268170,3.999777,2.664374,6.664151,496746,11624,41293,41293,1
metroplex82,10.245614,4.809012,5.000676,9.809688,595762,12586,45366,45366,2
metroplex91,4.947368,4.612038,1.927063,6.539101,539078,12624,46306,46306,0
metroplex83,2.526316,4.278174,0.911327,5.189501,508850,11307,40476,40476,2
metroplex93,1.157895,4.280803,1.637590,5.918393,518086,12048,42868,42868,0
metroplex91,4.578947,4.605546,1.912796,6.518342,539162,12708,46432,46432,2
metroplex95,3007.756892,4.443628,2.125060,6.568688,544056,12000,43527,43527,1
metroplex80,2.265664,5.151115,1.939194,7.090309,606182,12743,45810,45810,0
metroplex83,2.789474,4.278857,0.937346,5.216203,508804,11261,40407,40407,1
metroplex96,2.052632,4.520938,1.090518,5.611456,557374,12001,43118,43118,0
metroplex87,2016.646617,4.183184,20.696467,24.879651,513374,11155,38906,38906,1
metroplex93,1.789474,4.209594,1.367097,5.576691,518146,12108,42958,42958,2
metroplex94,1002.210526,4.685636,0.787483,5.473119,551592,12443,44826,44826,0
metroplex91,4.263158,4.417329,1.989542,6.406871,539120,12666,46369,46369,1
metroplex93,1.736842,4.227625,1.302006,5.529631,518120,12082,42919,42919,1
metroplex90,1019.042607,3.762543,10.093396,13.855939,459072,11274,40329,40329,0
metroplex94,1002.631579,4.356217,0.811868,5.168085,551672,12523,44946,44946,2
metroplex90,1018.674185,3.730490,9.604714,13.335204,459156,11358,40455,40455,2
metroplex90,1018.779449,4.306076,9.778161,14.084237,459116,11318,40395,40395,1
metroplex94,1002.315789,4.338259,0.806292,5.144551,551634,12485,44889,44889,1
metroplex98,7.205514,3.574576,1.737406,5.311982,463514,10538,37389,37389,0
metroplex97,1003.102757,3.491605,1.521663,5.013268,448914,11206,40005,40005,0
metroplex80,3.160401,4.657849,1.740052,6.397901,606218,12779,45864,45864,2
metroplex92,2012.669173,3.583973,4.521866,8.105839,464136,11112,40381,40381,1
metroplex96,1.842105,4.655221,1.998066,6.653287,557438,12065,43214,43214,2
metroplex97,1002.734336,3.499391,1.429905,4.929296,448982,11274,40107,40107,2
metroplex96,1.789474,4.298255,3.326835,7.625090,557406,12033,43166,43166,1
metroplex98,6.626566,3.634964,2.142492,5.777456,463602,10626,37521,37521,2
metroplex92,2011.932331,3.590616,6.152279,9.742895,464092,11068,40315,40315,0
metroplex9,0.052632,3.840654,1.119951,4.960605,498373,12000,43596,43596,0
metroplex99,1.210526,3.826923,1.390651,5.217574,497285,11045,38741,38741,0
metroplex99,1.631579,3.816981,1.084036,4.901017,497355,11115,38846,38846,2
metroplex99,1.578947,3.808256,1.098506,4.906762,497319,11079,38792,38792,1
metroplex98,6.573935,3.568451,1.929272,5.497723,463558,10582,37455,37455,1
metroplex97,1002.786967,3.485622,1.998740,5.484362,448950,11242,40059,40059,1
metroplex92,2012.406015,3.645288,5.963587,9.608875,464178,11154,40444,40444,2
metroplex9,0.368421,4.140938,2.066155,6.207093,498409,12036,43650,43650,2
metroplex9,0.315789,3.783497,1.559876,5.343373,498393,12020,43626,43626,1
metroplex80,2.581454,4.596077,2.207828,6.803905,606202,12763,45840,45840,1
